,count
0,58.35285
1,16.36635
2,12.093187
3,3.6250372
4,0.7339656
5,7.551176
6,15.321846
7,72.12344
8,220.96062
9,125.60276
10,35.251274
11,43.322136
12,85.35705
13,82.60268
14,70.4948
15,83.86814
16,127.32965
17,162.80089
18,171.8044
19,138.2097
20,74.30918
21,60.364243
22,13.719624
23,12.498978
24,13.31521
25,10.5502825
26,-4.700124
27,-37.621574
28,-6.5647554
29,37.111874
30,26.803703
31,79.0143
32,203.06355
33,128.59772
34,65.87316
35,64.69018
36,120.927956
37,140.47697
38,125.27685
39,119.49727
40,127.418785
41,219.99144
42,142.34604
43,163.52002
44,148.1644
45,54.428776
46,66.8023
47,64.67947
48,19.359894
49,36.305893
50,33.32402
51,26.365986
52,1.9869176
53,1.2656476
54,-7.10742
55,31.270817
56,35.44409
57,31.620888
58,69.241974
59,115.19857
60,134.92691
61,118.16497
62,116.26147
63,102.69174
64,94.33736
65,63.433983
66,72.71824
67,38.098415
68,51.52429
69,58.09042
70,66.66094
71,52.687527
72,40.85801
73,2.553457
74,-1.0620842
75,-4.973221
76,-8.571826
77,-11.85451
78,10.104678
79,37.461044
80,48.100914
81,66.20969
82,75.57251
83,95.84233
84,90.27388
85,103.96911
86,68.851074
87,66.32415
88,62.29339
89,63.31138
90,64.3664
91,56.099087
92,19.485554
93,27.63248
94,27.121254
95,1.607842
96,-1.6624632
97,-4.3385243
98,6.2679834
99,43.00049
100,92.26054
101,202.48541
102,124.79453
103,54.88501
104,29.596598
105,80.95823
106,44.51723
107,34.33104
108,96.14796
109,80.225044
110,152.06325
111,153.26802
112,115.59584
113,86.3126
114,37.50742
115,-4.319328
116,-8.619922
117,16.139704
118,-1.0630125
119,1.99556
120,15.135285
121,21.980686
122,39.128494
123,83.27202
124,181.58006
125,85.91531
126,38.448288
127,45.664444
128,66.898285
129,69.167625
130,75.42296
131,98.1903
132,120.13002
133,177.18422
134,134.97464
135,105.939285
136,58.98042
137,35.777287
138,10.468039
139,-21.969622
140,10.7099905
141,-4.812022
142,10.189262
143,-3.9168224
144,0.33262536
145,27.07602
146,123.61864
147,48.453438
148,17.443077
149,31.184896
150,28.330763
151,28.414377
152,40.621418
153,26.917374
154,49.331303
155,74.36333
156,114.351456
157,188.98763
158,170.37416
159,118.34013
160,65.030304
161,41.630573
162,37.784096
163,11.515661
164,-4.1972275
165,-8.019829
166,-10.019762
167,-13.547023
168,-21.764446
169,-6.8542495
170,68.98831
171,159.85916
172,81.83885
173,38.09452
174,48.816906
175,72.33799
176,71.85993
177,53.704098
178,50.629486
179,116.94063
180,185.6321
181,161.58363
182,126.47625
183,69.37068
184,32.408245
185,44.993053
186,31.604256
187,21.22434
188,12.307108
189,-5.338116
190,-3.5569873
191,28.727415
192,-3.90933
193,17.222961
194,8.801189
195,35.007854
196,37.011337
197,86.01299
198,107.22924
199,115.1843
200,92.04193
201,104.40727
202,113.78329
203,100.40398
204,79.52888
205,92.79321
206,48.882206
207,31.80933
208,48.841057
209,35.666046
210,49.63331
211,32.934982
212,29.511185
213,34.966724
214,27.135202
215,33.219284
216,42.465797
217,30.423395
218,28.96297
219,67.611465
220,103.190544
221,138.88599
222,129.2963
223,114.7664
224,133.47899
225,124.77679
226,110.96872
227,68.797485
228,58.733974
229,27.249603
230,31.476059
231,47.693043
232,13.155279
233,17.356495
234,-12.50069
235,-16.68867
236,-16.477602
237,7.6801414
238,7.945744
239,45.21035
240,53.425888
241,173.778
242,91.5399
243,27.043911
244,32.567448
245,56.457268
246,62.87544
247,49.212414
248,51.71149
249,96.06381
250,151.70001
251,129.95758
252,113.03253
253,13.603003
254,8.653652
255,20.22193
256,-5.7086945
257,31.113516
258,10.449757
259,22.933414
260,7.094242
261,-1.8825766
262,-6.4940314
263,-0.5641849
264,16.35862
265,32.27815
266,89.91206
267,91.93669
268,159.20543
269,190.4056
270,163.81172
271,182.52444
272,191.78586
273,179.75049
274,162.20654
275,151.84169
276,80.378456
277,64.031746
278,63.48045
279,37.8903
280,17.939219
281,4.3913445
282,4.4028497
283,10.718782
284,-15.56787
285,29.036947
286,20.42116
287,37.891815
288,86.37317
289,72.65644
290,64.52108
291,106.79552
292,117.54504
293,73.57291
294,122.16602
295,78.06581
296,71.67972
297,86.702484
298,74.0277
299,72.63208
300,22.003122
301,24.34706
302,21.828604
303,17.995228
304,-6.6095347
305,35.36836
306,155.57118
307,134.93674
308,41.281303
309,58.11199
310,84.360245
311,84.915985
312,96.08897
313,89.96275
314,116.321846
315,169.28592
316,162.78345
317,107.97637
318,77.33714
319,49.02184
320,54.191685
321,43.18323
322,9.010006
323,1.066024
324,6.5701733
325,-0.7413662
326,42.69064
327,54.162037
328,83.05616
329,172.13197
330,126.87327
331,78.690445
332,71.2922
333,125.031
334,98.04499
335,135.3014
336,125.40387
337,121.38612
338,233.54962
339,206.8561
340,141.058
341,90.316025
342,64.626465
343,52.64802
344,71.71019
345,40.894753
346,29.626925
347,6.313754
348,-14.838288
349,-2.849149
350,9.844113
351,88.11854
352,209.2654
353,124.65212
354,53.18716
355,52.007286
356,87.349556
357,71.68551
358,57.44201
359,28.325703
360,45.19032
361,195.22018
362,66.61581
363,5.6040115
364,18.040966
365,20.907976
366,9.187141
367,13.417469
368,12.776582
369,22.832336
370,16.022865
371,4.8972263
372,14.607776
373,39.433403
374,43.821266
375,135.11554
376,24.933746
377,21.842619
378,25.94866
379,75.99941
380,51.213844
381,60.500046
382,147.34993
383,71.82633
384,203.51756
385,158.34163
386,123.50885
387,73.1657
388,62.42327
389,59.875385
390,61.979305
391,37.7371
392,8.087754
393,17.997982
394,23.779135
395,-0.050343193
396,-12.478273
397,19.118893
398,15.881345
399,28.00731
400,35.372482
401,67.66706
402,130.80553
403,150.10098
404,149.93335
405,152.07303
406,172.61574
407,119.26234
408,171.09825
409,118.921074
410,59.88316
411,72.58237
412,26.57234
413,40.90606
414,10.919187
415,21.790625
416,27.631174
417,24.833334
418,7.984078
419,8.919599
420,-0.474529
421,-9.789765
422,50.300137
423,62.416103
424,40.004658
425,170.42928
426,178.84634
427,198.87993
428,190.61745
429,240.30357
430,202.96498
431,191.74918
432,132.46313
433,130.15608
434,89.36658
435,81.35149
436,68.1004
437,53.422905
438,33.50615
439,-6.0457497
440,-18.48387
441,20.798063
442,49.902634
443,91.98234
444,129.64224
445,151.7572
446,58.650455
447,64.20364
448,106.997055
449,54.890434
450,16.865742
451,36.651653
452,117.45004
453,123.944214
454,142.34364
455,-7.3619366
456,9.996694
457,38.79923
458,-34.717705
459,-32.965008
460,36.610153
461,12.283932
462,32.8582
463,33.591885
464,10.481136
465,0.44291642
466,-1.7831064
467,-5.324416
468,29.508467
469,70.89848
470,92.009636
471,136.32677
472,176.69778
473,204.75308
474,216.21605
475,214.6315
476,234.57368
477,164.08846
478,163.25143
479,131.882
480,73.92818
481,88.08205
482,67.41978
483,44.81032
484,0.14378405
485,-22.187744
486,-10.682634
487,-14.52439
488,-14.716246
489,17.926899
490,99.03108
491,198.55283
492,131.54541
493,47.50429
494,91.04407
495,127.79396
496,159.60863
497,127.31944
498,147.86693
499,236.0685
500,405.06415
501,447.699
502,316.68637
503,243.8502
504,52.26365
505,61.172337
506,45.05516
507,40.46989
508,7.165499
509,-3.609136
510,-0.93229353
511,17.035902
512,16.545635
513,41.85872
514,129.16661
515,232.33333
516,114.56258
517,69.22171
518,44.080044
519,109.74646
520,111.58784
521,139.18428
522,151.6118
523,173.60912
524,374.97568
525,289.4629
526,165.62132
527,104.314415
528,76.536804
529,48.912994
530,26.237719
531,9.515986
532,2.5247
533,-6.3438582
534,-6.413571
535,19.428402
536,34.290787
537,67.041664
538,250.17784
539,145.98172
540,38.474525
541,60.8732
542,71.162834
543,98.61147
544,88.66902
545,95.54213
546,137.9003
547,302.13477
548,138.13277
549,91.75358
550,-9.444944
551,2.119958
552,-16.070717
553,24.14279
554,0.71764594
555,-0.65255374
556,-3.8104236
557,-18.16338
558,-16.168291
559,-2.2688012
560,20.903828
561,61.253136
562,135.15599
563,114.72349
564,48.597797
565,47.188488
566,63.934864
567,44.739227
568,34.89005
569,74.96368
570,94.01074
571,145.2308
572,160.15482
573,168.1119
574,97.82624
575,75.061966
576,59.087524
577,31.644814
578,26.930841
579,0.3897417
580,15.745091
581,19.697123
582,22.909897
583,29.771399
584,61.295143
585,151.99358
586,217.71864
587,124.326904
588,73.27837
589,62.886913
590,86.380226
591,74.65235
592,81.02735
593,76.77747
594,98.477844
595,177.60095
596,194.02989
597,116.196915
598,75.974754
599,36.49068
600,33.245483
601,4.731397
602,63.725437
603,53.321476
604,19.032593
605,11.75045
606,8.637849
607,-8.510675
608,2.0574806
609,-27.169333
610,-2.7205563
611,49.034454
612,49.80597
613,80.9044
614,160.80199
615,171.5566
616,184.55867
617,202.32071
618,136.84737
619,134.65312
620,111.989265
621,71.182495
622,53.773907
623,44.88682
624,25.832644
625,22.305847
626,19.92897
627,25.640564
628,-8.640041
629,-27.737793
630,-5.750069
631,-14.68708
632,-49.433544
633,25.929808
634,44.115204
635,50.022556
636,69.58577
637,135.12468
638,154.00673
639,119.01396
640,151.84352
641,163.73216
642,180.42264
643,135.51485
644,128.77768
645,79.930405
646,36.143547
647,26.808956
648,11.238365
649,25.746866
650,8.783046
651,0.81760985
652,-1.9723023
653,22.214024
654,68.37495
655,171.60065
656,239.61232
657,158.79088
658,66.93841
659,87.803276
660,69.4824
661,80.08918
662,77.35481
663,74.23321
664,79.36529
665,160.86559
666,182.86249
667,148.19122
668,110.31539
669,73.523476
670,85.566956
671,20.526371
672,69.372604
673,15.260206
674,11.253978
675,8.464063
676,-6.029885
677,31.768547
678,52.467686
679,136.68529
680,295.27377
681,188.35188
682,30.939312
683,20.263409
684,88.45891
685,61.59236
686,89.78467
687,99.73011
688,87.01438
689,271.46893
690,227.21594
691,156.1946
692,120.798256
693,41.710346
694,60.574547
695,12.515756
696,-19.364826
697,14.778658
698,-38.591587
699,-34.642586
700,-37.034206
701,2.5497835
702,32.747757
703,100.28076
704,242.60184
705,127.23142
706,24.919325
707,20.78453
708,91.72564
709,78.44187
710,55.984886
711,63.2976
712,40.16163
713,139.87192
714,101.88213
715,70.79544
716,22.748838
717,29.479658
718,17.958254
719,3.8065765
720,4.8667784
721,12.217985
722,2.222233
723,-9.1678505
724,-7.541088
725,-2.4374404
726,-6.0072355
727,49.518764
728,165.94577
729,88.91957
730,30.533026
731,26.933172
732,31.773628
733,95.13431
734,88.95861
735,18.24863
736,104.62039
737,115.90274
738,122.23335
739,89.671974
740,32.535023
741,1.9023986
742,23.869822
743,17.58784
744,30.547235
745,3.119319
746,1.3507584
747,-2.5579686
748,15.907216
749,21.32346
750,43.079124
751,171.12628
752,352.71924
753,205.88252
754,85.702705
755,97.72013
756,178.62604
757,171.67827
758,173.5707
759,168.06685
760,238.41255
761,437.35867
762,422.3713
763,264.77832
764,202.16962
765,205.6672
766,181.36223
767,135.15785
768,52.353897
769,19.132055
770,18.010347
771,-25.238688
772,-24.256895
773,-13.585613
774,42.092213
775,113.50179
776,213.13869
777,142.52782
778,67.623764
779,91.31352
780,168.54716
781,143.48746
782,140.06871
783,142.70541
784,180.13493
785,403.88522
786,291.50174
787,174.52974
788,146.52872
789,93.927475
790,50.668137
791,25.409842
792,35.321037
793,11.729085
794,10.548331
795,8.659694
796,-1.6726192
797,13.728598
798,33.41095
799,83.80261
800,251.99393
801,114.39142
802,56.831272
803,71.63851
804,81.18434
805,83.10877
806,52.327957
807,57.426178
808,101.30019
809,85.37718
810,70.78135
811,46.798992
812,75.31753
813,36.690372
814,28.310463
815,42.940704
816,11.151864
817,-2.2770598
818,-8.692475
819,-9.858677
820,-19.47346
821,-14.04105
822,-39.089405
823,-41.94057
824,-25.635656
825,-1.1575156
826,168.14366
827,186.82097
828,179.63019
829,203.202
830,302.0218
831,307.12784
832,325.0626
833,270.56555
834,236.32721
835,180.76234
836,106.934845
837,110.34734
838,91.39931
839,49.744392
840,68.84957
841,28.618256
842,4.540397
843,14.526233
844,5.1352077
845,7.024221
846,7.7032075
847,40.463066
848,-9.471176
849,142.62544
850,187.17755
851,273.79813
852,309.01468
853,312.50778
854,323.21545
855,287.3917
856,345.19666
857,308.36368
858,300.8632
859,157.11049
860,78.96404
861,53.097267
862,29.330015
863,24.84323
864,9.5537195
865,-13.29825
866,-0.9451831
867,0.50393945
868,20.37276
869,2.05623
870,72.66577
871,161.45645
872,353.2203
873,208.38943
874,77.21667
875,82.881805
876,196.61624
877,166.91055
878,156.62541
879,171.11888
880,222.03102
881,412.73685
882,409.90558
883,302.00085
884,221.05106
885,181.18257
886,136.52058
887,81.29021
888,69.39481
889,17.15445
890,-4.5753818
891,-11.475574
892,4.4236903
893,2.0058794
894,78.7986
895,219.02415
896,367.67487
897,142.14008
898,105.51518
899,119.372795
900,176.60893
901,128.58539
902,120.7849
903,139.7894
904,215.51447
905,402.77353
906,388.03442
907,310.2581
908,206.74785
909,156.2367
910,82.90736
911,31.761478
912,31.36463
913,17.43379
914,4.865726
915,-8.532156
916,28.286955
917,29.460651
918,63.318104
919,157.6676
920,278.48587
921,133.49574
922,56.83419
923,52.861057
924,110.07014
925,142.1599
926,161.257
927,132.1278
928,227.09163
929,176.71176
930,124.973656
931,239.91243
932,93.01818
933,117.621704
934,19.611315
935,21.922842
936,22.238335
937,-15.004174
938,-24.243801
939,-20.44809
940,-26.348093
941,-7.424005
942,56.512177
943,200.02512
944,339.9518
945,76.98724
946,82.46508
947,49.737286
948,131.52501
949,94.234634
950,143.51654
951,164.53702
952,226.72598
953,426.8622
954,422.23624
955,348.6283
956,236.6017
957,176.13391
958,143.94331
959,99.55254
960,42.515034
961,36.837646
962,-9.098769
963,-5.803791
964,5.768793
965,23.751673
966,52.901142
967,257.84012
968,380.18637
969,195.07724
970,132.35759
971,121.151825
972,192.13809
973,179.71214
974,127.67863
975,169.9946
976,237.60869
977,395.2632
978,366.4348
979,214.94345
980,130.63423
981,131.49469
982,86.14993
983,40.275345
984,45.126217
985,47.066994
986,30.678547
987,23.698694
988,1.5863901
989,41.759483
990,17.756216
991,49.98395
992,68.42972
993,129.00566
994,203.4012
995,284.05716
996,340.8681
997,366.23062
998,337.2379
999,343.81076
1000,306.94907
1001,328.18692
1002,287.92355
1003,255.86029
1004,120.50517
1005,123.049706
1006,99.38411
1007,89.48387
1008,36.871777
1009,5.7977214
1010,10.821039
1011,1.3444217
1012,9.414787
1013,11.893743
1014,87.9444
1015,306.30978
1016,425.72394
1017,219.65952
1018,158.03894
1019,182.46048
1020,162.59995
1021,122.24106
1022,253.93034
1023,153.85292
1024,350.88083
1025,544.3157
1026,475.65454
1027,383.392
1028,290.8734
1029,214.88016
1030,178.29341
1031,121.782524
1032,98.56848
1033,66.98397
1034,67.217606
1035,34.367897
1036,16.630766
1037,8.880541
1038,29.1869
1039,79.446884
1040,139.90356
1041,248.94986
1042,283.93253
1043,438.01743
1044,438.99817
1045,451.6974
1046,403.47025
1047,405.78952
1048,459.0569
1049,392.01334
1050,353.00195
1051,342.92734
1052,213.97018
1053,186.0785
1054,187.47818
1055,115.90683
1056,119.66712
1057,102.63703
1058,69.75424
1059,37.027084
1060,18.034864
1061,24.622103
1062,26.12464
1063,40.338264
1064,77.24108
1065,215.38391
1066,317.6376
1067,389.60034
1068,410.81256
1069,380.78317
1070,357.85947
1071,360.37262
1072,402.14493
1073,373.97382
1074,374.93256
1075,314.2814
1076,257.5446
1077,227.28944
1078,140.70795
1079,94.15316
1080,99.28542
1081,50.55146
1082,68.6218
1083,33.75402
1084,27.402649
1085,38.94646
1086,101.663994
1087,246.35022
1088,464.6343
1089,276.67886
1090,144.76038
1091,169.88986
1092,220.02342
1093,208.00539
1094,213.49228
1095,182.91116
1096,273.0637
1097,317.60547
1098,531.9443
1099,438.85553
1100,236.29883
1101,190.13701
1102,86.96443
1103,132.58075
1104,85.85996
1105,56.376904
1106,68.07883
1107,41.233887
1108,39.948242
1109,15.757034
1110,130.38556
1111,221.61755
1112,325.86484
1113,238.46754
1114,118.98833
1115,178.11267
1116,211.10382
1117,209.22687
1118,214.6782
1119,170.78526
1120,309.7194
1121,499.86795
1122,470.35284
1123,403.66016
1124,279.5863
1125,164.3085
1126,117.06234
1127,136.87558
1128,74.339516
1129,93.31408
1130,48.267597
1131,55.985928
1132,39.387764
1133,53.00733
1134,122.6853
1135,325.50418
1136,459.884
1137,246.10394
1138,156.89813
1139,159.7358
1140,219.3146
1141,211.35635
1142,209.36885
1143,233.35144
1144,318.7201
1145,595.3874
1146,517.69867
1147,388.59363
1148,287.5026
1149,211.28177
1150,204.57376
1151,141.91939
1152,83.942924
1153,60.966946
1154,32.2935
1155,39.828762
1156,28.682833
1157,39.74616
1158,113.04958
1159,219.53998
1160,422.0524
1161,256.5223
1162,128.00475
1163,173.24939
1164,203.1701
1165,228.77223
1166,226.62598
1167,222.94627
1168,379.2437
1169,585.7101
1170,580.0997
1171,394.07587
1172,293.97928
1173,233.05605
1174,184.58301
1175,141.69601
1176,83.64713
1177,21.566605
1178,48.106224
1179,44.540195
1180,67.07088
1181,95.83168
1182,144.5552
1183,322.44922
1184,465.57904
1185,244.02238
1186,127.78086
1187,174.14703
1188,224.51488
1189,220.52945
1190,210.51695
1191,254.24612
1192,296.40152
1193,537.51953
1194,470.63812
1195,306.22165
1196,288.0284
1197,163.37566
1198,166.62302
1199,95.31296
1200,127.26085
1201,128.00873
1202,115.31264
1203,61.40159
1204,44.083183
1205,53.347626
1206,61.567497
1207,93.67793
1208,137.96759
1209,225.54564
1210,278.24857
1211,326.7997
1212,411.93405
1213,391.0147
1214,404.81277
1215,437.9407
1216,407.52136
1217,485.93668
1218,389.6858
1219,300.46338
1220,276.8593
1221,237.26982
1222,169.57393
1223,122.67135
1224,143.05011
1225,137.86572
1226,85.741554
1227,48.818413
1228,31.451622
1229,51.199863
1230,82.7248
1231,72.17866
1232,121.58221
1233,93.428474
1234,205.38348
1235,199.49847
1236,347.16855
1237,407.2558
1238,350.90005
1239,358.29034
1240,368.51462
1241,355.4685
1242,359.54736
1243,328.7367
1244,252.92313
1245,114.349434
1246,148.98712
1247,116.04215
1248,188.0917
1249,149.3435
1250,136.46753
1251,115.59602
1252,86.46005
1253,96.14622
1254,85.77435
1255,149.44345
1256,260.2734
1257,233.3485
1258,217.04
1259,333.69678
1260,371.44025
1261,342.52795
1262,391.87387
1263,349.2349
1264,340.5303
1265,403.53885
1266,454.50906
1267,293.89273
1268,271.2137
1269,264.9842
1270,215.80797
1271,163.55159
1272,27.929981
1273,21.99659
1274,34.027752
1275,35.541977
1276,9.504395
1277,32.47171
1278,104.85597
1279,365.75134
1280,479.7882
1281,242.11209
1282,116.328514
1283,166.92734
1284,180.24648
1285,168.0956
1286,204.35881
1287,200.76657
1288,241.59825
1289,586.7688
1290,558.86975
1291,368.4299
1292,285.33398
1293,206.94858
1294,141.47171
1295,116.46997
1296,23.765692
1297,30.839317
1298,15.91207
1299,5.0430737
1300,47.057186
1301,41.907047
1302,76.743034
1303,172.44458
1304,302.58603
1305,225.11937
1306,127.872284
1307,125.95386
1308,196.99937
1309,209.26044
1310,185.67987
1311,199.72394
1312,274.78455
1313,514.0368
1314,475.55435
1315,382.95615
1316,285.50723
1317,226.45184
1318,178.0111
1319,133.96342
1320,41.117165
1321,25.32433
1322,27.434265
1323,27.955637
1324,34.82447
1325,48.277752
1326,127.05068
1327,235.35019
1328,426.22427
1329,230.3638
1330,70.52359
1331,87.54875
1332,147.7513
1333,183.54025
1334,213.58101
1335,204.91919
1336,240.51883
1337,524.5283
1338,441.5123
1339,391.35135
1340,75.604385
1341,211.18665
1342,144.5755
1343,104.00711
1344,27.993855
1345,5.6146626
1346,-6.404849
1347,-10.40418
1348,3.2130244
1349,47.31875
1350,111.85862
1351,325.66083
1352,419.26254
1353,187.85313
1354,103.47442
1355,108.36575
1356,210.62575
1357,191.8591
1358,232.03447
1359,170.17531
1360,249.32095
1361,585.7779
1362,502.5273
1363,461.29388
1364,296.27945
1365,167.22284
1366,154.3102
1367,112.79302
1368,23.395506
1369,32.49921
1370,27.602673
1371,13.985064
1372,40.356003
1373,22.859615
1374,103.35952
1375,339.67804
1376,415.67667
1377,220.04678
1378,146.16194
1379,163.18651
1380,211.6257
1381,238.00899
1382,212.9133
1383,231.81439
1384,243.42131
1385,428.8361
1386,425.1451
1387,336.30872
1388,292.54907
1389,202.6549
1390,152.67715
1391,96.24002
1392,39.639454
1393,-4.4391885
1394,-20.0934
1395,-8.080676
1396,3.7487023
1397,48.933804
1398,96.59622
1399,252.9817
1400,402.1394
1401,239.52399
1402,152.42975
1403,199.20811
1404,227.4294
1405,241.98032
1406,221.09125
1407,205.58226
1408,281.928
1409,581.3086
1410,550.2427
1411,426.50052
1412,300.14285
1413,277.76303
1414,251.56755
1415,227.5702
1416,187.29573
1417,158.61938
1418,89.97318
1419,44.20318
1420,21.105547
1421,11.121922
1422,60.56529
1423,110.56612
1424,196.28616
1425,250.70078
1426,288.35922
1427,383.65292
1428,487.08087
1429,496.0433
1430,419.8784
1431,421.6008
1432,490.5489
1433,470.3407
1434,413.60452
1435,366.3024
1436,299.04694
1437,294.60287
1438,285.84015
1439,146.00638
1440,157.04991
1441,161.23686
1442,69.01951
1443,31.803104
1444,14.436972
1445,23.92139
1446,50.76646
1447,76.351204
1448,156.55707
1449,258.19412
1450,336.45917
1451,444.25717
1452,460.3425
1453,471.082
1454,443.78418
1455,458.4228
1456,437.66122
1457,379.31357
1458,356.47183
1459,333.55524
1460,236.38254
1461,217.27068
1462,288.5732
1463,230.78831
1464,-6.63989
1465,7.306968
1466,7.132808
1467,3.32362
1468,29.647581
1469,35.603767
1470,111.40413
1471,279.27148
1472,418.7414
1473,258.09488
1474,197.75496
1475,111.935555
1476,235.29993
1477,181.26967
1478,139.06062
1479,215.90486
1480,328.0816
1481,580.62177
1482,550.8992
1483,365.0974
1484,237.38805
1485,202.87143
1486,162.2997
1487,101.8478
1488,49.77085
1489,8.645742
1490,10.124106
1491,6.889154
1492,0.027119048
1493,24.786364
1494,89.61994
1495,261.6898
1496,385.5636
1497,214.56192
1498,169.31392
1499,210.12535
1500,237.41571
1501,234.21243
1502,210.67049
1503,215.46527
1504,315.97644
1505,427.98987
1506,458.52423
1507,280.5577
1508,269.64935
1509,188.22916
1510,91.54786
1511,78.97799
1512,37.684917
1513,-10.803966
1514,-0.71789634
1515,33.10703
1516,11.140908
1517,42.775524
1518,111.04505
1519,389.12833
1520,466.69693
1521,227.05804
1522,186.34865
1523,193.86763
1524,248.11282
1525,184.65742
1526,179.38788
1527,220.33421
1528,310.71555
1529,555.73615
1530,559.9723
1531,395.4626
1532,309.34045
1533,255.56165
1534,214.69713
1535,213.28911
1536,128.93678
1537,107.463066
1538,23.185364
1539,9.120301
1540,40.904125
1541,67.43265
1542,131.70067
1543,332.7859
1544,474.18616
1545,260.52106
1546,171.37059
1547,190.03696
1548,211.63646
1549,210.7229
1550,186.153
1551,238.08002
1552,287.0811
1553,574.5577
1554,559.12994
1555,376.4456
1556,304.14877
1557,272.89874
1558,197.54362
1559,204.57458
1560,60.955826
1561,38.53312
1562,29.084984
1563,37.744198
1564,6.42092
1565,38.459053
1566,119.4156
1567,319.77628
1568,441.5387
1569,226.13142
1570,121.63168
1571,141.31473
1572,187.45384
1573,145.86848
1574,182.97626
1575,160.52318
1576,247.11266
1577,494.01895
1578,515.10583
1579,378.5394
1580,382.59708
1581,262.18234
1582,104.33393
1583,134.0331
1584,35.337906
1585,46.19381
1586,40.2495
1587,27.937475
1588,60.43031
1589,76.53331
1590,155.11761
1591,295.37216
1592,403.14062
1593,218.47931
1594,154.20354
1595,182.55424
1596,186.46985
1597,189.56856
1598,196.10013
1599,188.80293
1600,259.12955
1601,490.24347
1602,489.54288
1603,376.03955
1604,347.59668
1605,305.08163
1606,195.61163
1607,156.01933
1608,70.22411
1609,60.16077
1610,-6.2516165
1611,24.500206
1612,12.659567
1613,23.171621
1614,140.6108
1615,359.0373
1616,447.65634
1617,247.29337
1618,134.64372
1619,130.65929
1620,131.80019
1621,146.69685
1622,164.61678
1623,173.68256
1624,222.5789
1625,508.6936
1626,534.0228
1627,454.8527
1628,359.71667
1629,295.28336
1630,300.3724
1631,127.46683
1632,132.95563
1633,138.53764
1634,115.578415
1635,90.44912
1636,44.21406
1637,48.065567
1638,111.16819
1639,183.35158
1640,208.0595
1641,218.29387
1642,233.6871
1643,317.1897
1644,354.99707
1645,304.83755
1646,393.26044
1647,359.06873
1648,314.4955
1649,352.4642
1650,368.1647
1651,281.711
1652,265.293
1653,219.84158
1654,146.66534
1655,95.80773
1656,153.0803
1657,117.14983
1658,116.37121
1659,84.812744
1660,60.757534
1661,76.46401
1662,99.06765
1663,126.83223
1664,177.474
1665,192.83458
1666,288.0619
1667,364.70877
1668,366.65494
1669,372.0044
1670,417.93555
1671,414.3554
1672,390.48987
1673,375.02264
1674,378.71414
1675,360.19104
1676,358.90585
1677,215.94954
1678,142.5372
1679,77.50236
1680,35.782036
1681,16.157223
1682,40.30202
1683,3.475369
1684,68.71762
1685,82.35755
1686,165.89774
1687,367.9626
1688,470.66272
1689,245.94054
1690,146.58716
1691,139.80028
1692,176.33336
1693,166.62045
1694,147.2218
1695,139.98698
1696,273.0671
1697,438.0959
1698,528.3465
1699,328.79562
1700,273.8597
1701,201.35596
1702,161.0183
1703,124.192726
1704,27.757116
1705,2.541894
1706,33.539436
1707,33.056232
1708,14.000266
1709,64.628075
1710,102.673294
1711,312.58124
1712,482.4529
1713,258.9185
1714,145.95161
1715,173.61581
1716,260.2919
1717,243.8267
1718,224.16791
1719,248.99568
1720,304.33664
1721,547.90906
1722,547.1381
1723,466.7612
1724,362.21448
1725,309.83884
1726,218.79446
1727,95.12409
1728,131.57225
1729,83.46006
1730,62.07131
1731,1.7968823
1732,78.76193
1733,77.73466
1734,169.75017
1735,390.60837
1736,494.37436
1737,249.90553
1738,154.80884
1739,143.1421
1740,283.36206
1741,251.37671
1742,238.03693
1743,266.25543
1744,268.34796
1745,591.53754
1746,592.26
1747,416.28687
1748,367.0716
1749,316.70438
1750,242.76282
1751,155.34782
1752,121.837364
1753,77.6243
1754,82.06694
1755,45.036385
1756,7.939837
1757,15.21648
1758,105.51121
1759,307.33804
1760,419.32593
1761,213.90947
1762,162.04103
1763,137.07271
1764,238.45184
1765,218.98384
1766,239.03282
1767,159.71132
1768,300.2272
1769,570.15314
1770,505.1196
1771,386.29156
1772,321.3145
1773,206.21098
1774,109.84511
1775,110.56036
1776,25.467392
1777,5.820218
1778,3.7037437
1779,3.475369
1780,56.210587
1781,69.5221
1782,153.06229
1783,373.2911
1784,458.5719
1785,221.44096
1786,106.661354
1787,160.1079
1788,165.18
1789,167.40018
1790,197.25642
1791,213.3565
1792,233.74203
1793,504.06882
1794,502.26062
1795,388.56174
1796,335.01685
1797,252.85173
1798,261.41544
1799,163.61479
1800,170.91869
1801,138.91916
1802,113.27015
1803,51.484882
1804,21.786295
1805,33.215458
1806,51.371136
1807,72.97098
1808,214.77077
1809,197.54622
1810,253.28427
1811,333.93958
1812,368.13965
1813,417.40274
1814,405.36313
1815,339.0901
1816,334.7131
1817,393.69974
1818,349.56146
1819,384.9444
1820,299.4059
1821,263.34756
1822,230.22884
1823,161.41194
1824,175.50133
1825,85.780655
1826,93.9105
1827,54.768196
1828,23.922558
1829,46.67358
1830,74.50183
1831,121.661896
1832,202.53108
1833,260.96835
1834,237.87367
1835,331.3105
1836,332.8209
1837,406.97906
1838,403.88278
1839,419.77887
1840,388.63342
1841,391.61517
1842,389.79434
1843,365.86758
1844,336.96686
1845,209.47531
1846,63.25185
1847,76.59011
1848,98.239784
1849,92.96554
1850,61.698116
1851,25.052402
1852,-1.6231906
1853,31.396343
1854,16.433718
1855,37.408104
1856,114.25873
1857,182.84941
1858,278.24472
1859,343.58536
1860,380.65192
1861,382.7122
1862,401.9932
1863,372.4685
1864,378.65753
1865,398.0918
1866,342.75403
1867,271.0632
1868,267.7402
1869,155.52629
1870,118.31123
1871,58.419617
1872,75.047386
1873,70.58422
1874,41.91347
1875,38.597805
1876,9.842422
1877,31.081787
1878,32.32568
1879,-1.078306
1880,70.87789
1881,195.63593
1882,262.97903
1883,285.23773
1884,369.86285
1885,375.5301
1886,276.35596
1887,236.57845
1888,330.72174
1889,234.67197
1890,198.27567
1891,251.25507
1892,171.06764
1893,120.4015
1894,148.28992
1895,51.426727
1896,20.414558
1897,-6.9501967
1898,-20.904003
1899,-29.455578
1900,13.211654
1901,23.916994
1902,110.2594
1903,305.04584
1904,434.0388
1905,253.62325
1906,149.1529
1907,166.19958
1908,239.87892
1909,204.47964
1910,249.17157
1911,263.0462
1912,346.0999
1913,543.9798
1914,537.3961
1915,389.75064
1916,303.65103
1917,207.3381
1918,165.02228
1919,199.51167
1920,89.53078
1921,62.206703
1922,61.963615
1923,50.6821
1924,24.833961
1925,50.41071
1926,137.56233
1927,383.2588
1928,476.88168
1929,253.94588
1930,113.78974
1931,173.69978
1932,185.58873
1933,244.97638
1934,226.65385
1935,247.02243
1936,342.2942
1937,554.0263
1938,537.0622
1939,395.9795
1940,330.02823
1941,248.25279
1942,207.85822
1943,128.07883
1944,48.6337
1945,6.108673
1946,52.009125
1947,46.980236
1948,-6.219078
1949,16.175356
1950,113.66027
1951,284.06766
1952,402.1172
1953,222.69002
1954,99.381836
1955,159.65126
1956,214.80174
1957,217.10077
1958,216.6531
1959,221.22815
1960,284.30942
1961,532.8088
1962,533.0079
1963,416.9937
1964,211.67665
1965,181.83682
1966,81.717735
1967,64.846146
1968,17.62799
1969,9.718475
1970,0.002421558
1971,-5.4621286
1972,-17.766088
1973,3.9091961
1974,71.308975
1975,280.24313
1976,399.2653
1977,191.15974
1978,136.00443
1979,142.93306
1980,177.30476
1981,121.937645
1982,146.5531
1983,148.81084
1984,249.76704
1985,298.01337
1986,267.6463
1987,246.48424
1988,219.0428
1989,164.27068
1990,80.44688
1991,43.21183
1992,44.207672
1993,12.335248
1994,41.42373
1995,26.086344
1996,15.685607
1997,32.193268
1998,116.803314
1999,261.0118
2000,381.61646
2001,211.7565
2002,168.61218
2003,197.05681
2004,210.80812
2005,219.46204
2006,198.82506
2007,200.81982
2008,248.47655
2009,492.6572
2010,486.9096
2011,258.07376
2012,208.46014
2013,121.9546
2014,79.903336
2015,111.70774
2016,110.59654
2017,87.20824
2018,67.05534
2019,57.87992
2020,28.165005
2021,6.3213944
2022,18.71215
2023,10.437661
2024,57.218445
2025,126.41928
2026,191.94424
2027,174.90257
2028,181.3828
2029,174.65039
2030,91.83413
2031,121.994354
2032,105.09176
2033,-17.469917
2034,-26.977139
2035,54.790634
2036,172.28624
2037,246.87047
2038,340.80368
2039,458.17645
2040,420.50928
2041,377.839
2042,407.54575
2043,430.9206
2044,495.94922
2045,451.99567
2046,359.16025
2047,316.85553
2048,193.92078
2049,111.779564
2050,74.06454
2051,20.096254
2052,33.196884
2053,29.906305
2054,22.43604
2055,50.784756
2056,25.432098
2057,102.63101
2058,326.0757
2059,454.28268
2060,275.79242
2061,166.69266
2062,192.78296
2063,248.46843
2064,196.50513
2065,194.35799
2066,225.18828
2067,352.32867
2068,561.1775
2069,545.3033
2070,420.50467
2071,324.4992
2072,281.5006
2073,207.85822
2074,108.03007
2075,39.91798
2076,55.967083
2077,-22.58167
2078,-13.49712
2079,1.5442121
2080,14.901014
2081,80.51046
2082,315.65765
2083,445.0652
2084,251.34373
2085,177.09227
2086,176.47339
2087,175.76947
2088,219.02713
2089,204.71707
2090,251.71474
2091,317.9183
2092,579.6798
2093,528.75964
2094,389.10474
2095,316.43073
2096,172.02548
2097,182.4058
2098,124.66326
2099,53.30136
2100,31.59279
2101,3.770261
2102,4.23946
2103,2.6419213
2104,7.8795276
2105,105.81647
2106,296.04428
2107,415.15613
2108,185.02176
2109,187.33344
2110,219.198
2111,250.77692
2112,204.25253
2113,211.46481
2114,239.91008
2115,352.01562
2116,567.13495
2117,539.10986
2118,454.84402
2119,283.3325
2120,209.82367
2121,117.032104
2122,73.03051
2123,7.4522796
2124,17.907776
2125,9.382523
2126,-6.0493503
2127,18.102877
2128,38.841858
2129,103.615074
2130,268.5364
2131,203.09381
2132,134.08768
2133,71.590416
2134,59.559975
2135,81.36488
2136,99.93539
2137,146.31134
2138,109.70041
2139,205.899
2140,245.81166
2141,203.22899
2142,162.33546
2143,164.92381
2144,136.02837
2145,119.86718
2146,79.659775
2147,22.82024
2148,26.56451
2149,23.264618
2150,16.356985
2151,27.044296
2152,19.10793
2153,83.22427
2154,221.30219
2155,318.4564
2156,146.85509
2157,93.63178
2158,96.496605
2159,157.98346
2160,175.46175
2161,153.42479
2162,142.6979
2163,241.47556
2164,404.23718
2165,205.38292
2166,83.67616
2167,87.05884
2168,100.25783
2169,70.581535
2170,68.42891
2171,42.860577
2172,17.27739
2173,26.237488
2174,9.448051
2175,13.039291
2176,38.052006
2177,93.41765
2178,210.10266
2179,288.54028
2180,173.77562
2181,128.77744
2182,152.7428
2183,150.38486
2184,161.64122
2185,168.72679
2186,172.4615
2187,253.30966
2188,432.83618
2189,172.63483
2190,153.1353
2191,137.57846
2192,115.944214
2193,70.48786
2194,36.342815
2195,96.56836
2196,34.74168
2197,53.095215
2198,35.56806
2199,39.05973
2200,67.53289
2201,163.8725
2202,165.33806
2203,264.1899
2204,137.2445
2205,94.578064
2206,88.1585
2207,125.41074
2208,120.013664
2209,129.67496
2210,121.77985
2211,129.73628
2212,242.6388
2213,209.43979
2214,156.75024
2215,194.0233
2216,139.04039
2217,180.07106
2218,89.95651
2219,120.71385
2220,120.86642
2221,113.51814
2222,66.844666
2223,53.208496
2224,52.629597
2225,45.924217
2226,60.41196
2227,43.193947
2228,172.08125
2229,204.34749
2230,209.2482
2231,251.7506
2232,353.0611
2233,372.9136
2234,391.11536
2235,395.43088
2236,325.46475
2237,261.16528
2238,108.925735
2239,127.93914
2240,99.03574
2241,137.99583
2242,89.99904
2243,85.54783
2244,89.330475
2245,89.3828
2246,57.74484
2247,43.42679
2248,21.483261
2249,25.206566
2250,68.987335
2251,106.862724
2252,174.83115
2253,187.34172
2254,336.5871
2255,392.42728
2256,402.36783
2257,342.63446
2258,383.44373
2259,440.49445
2260,346.32672
2261,360.4106
2262,114.9928
2263,129.78143
2264,119.68856
2265,125.88552
2266,76.20767
2267,80.71083
2268,73.95473
2269,56.00897
2270,53.85981
2271,68.31017
2272,70.993965
2273,163.8725
2274,288.63474
2275,403.63867
2276,264.1312
2277,172.04855
2278,140.70314
2279,190.6461
2280,187.23613
2281,191.95564
2282,254.9028
2283,308.15503
2284,476.76904
2285,164.89311
2286,176.76772
2287,235.43163
2288,187.06148
2289,154.51802
2290,125.82903
2291,100.44191
2292,71.96582
2293,89.41798
2294,53.85981
2295,61.491093
2296,67.36264
2297,174.90471
2298,292.29346
2299,436.17386
2300,202.41635
2301,109.62857
2302,197.07945
2303,237.4492
2304,202.7509
2305,138.27399
2306,135.87141
2307,248.31238
2308,278.0372
2309,263.25748
2310,182.05678
2311,253.54678
2312,144.58426
2313,170.67857
2314,131.19704
2315,64.78277
2316,51.280045
2317,50.937313
2318,51.96331
2319,38.42948
2320,56.567837
2321,97.25889
2322,184.16919
2323,276.4117
2324,191.02652
2325,103.08213
2326,141.35992
2327,191.01866
2328,203.36362
2329,245.96109
2330,213.9299
2331,284.0935
2332,469.64532
2333,209.47792
2334,193.7566
2335,181.32106
2336,157.28815
2337,170.67857
2338,120.77732
2339,80.715034
2340,32.36224
2341,37.470806
2342,58.63441
2343,42.404278
2344,47.953453
2345,134.0551
2346,300.49072
2347,486.1129
2348,287.18976
2349,178.53946
2350,205.72174
2351,240.93546
2352,224.49625
2353,227.72354
2354,239.7996
2355,353.23376
2356,555.8178
2357,562.2704
2358,402.4459
2359,345.4933
2360,236.29533
2361,172.36665
2362,65.817566
2363,49.69712
2364,15.874093
2365,24.27452
2366,21.746918
2367,8.122769
2368,25.929762
2369,107.62339
2370,283.71756
2371,408.09195
2372,227.29303
2373,160.80814
2374,215.84572
2375,258.51788
2376,255.47504
2377,227.53175
2378,226.53844
2379,344.90552
2380,564.7792
2381,593.3427
2382,336.53278
2383,233.30939
2384,188.35994
2385,176.11967
2386,135.07318
2387,54.754055
2388,50.325314
2389,23.049355
2390,-17.438757
2391,-20.890759
2392,5.72573
2393,62.344917
2394,269.3298
2395,410.41412
2396,183.56049
2397,157.00513
2398,176.25368
2399,208.21535
2400,196.27852
2401,136.11803
2402,184.35458
2403,223.52563
2404,421.87634
2405,445.2405
2406,310.09058
2407,228.4846
2408,175.2584
2409,139.5456
2410,42.32526
2411,33.415497
2412,22.986559
2413,-9.096108
2414,-14.820177
2415,-7.8628855
2416,23.140427
2417,76.4021
2418,281.50375
2419,456.3999
2420,193.85106
2421,124.43084
2422,161.97162
2423,204.72949
2424,200.5769
2425,219.14053
2426,190.44498
2427,267.70312
2428,447.30753
2429,410.06372
2430,280.30368
2431,194.03609
2432,143.69324
2433,103.70606
2434,70.415054
2435,86.64807
2436,60.923195
2437,41.505863
2438,19.496927
2439,10.610941
2440,14.735531
2441,26.534426
2442,23.524862
2443,77.887375
2444,143.3405
2445,196.58096
2446,242.31247
2447,295.34207
2448,369.20157
2449,294.59695
2450,300.39264
2451,346.75873
2452,285.6325
2453,279.4821
2454,194.61353
2455,109.21284
2456,74.918335
2457,62.73942
2458,52.490055
2459,91.6259
2460,73.326454
2461,58.709282
2462,38.152023
2463,24.534286
2464,20.905941
2465,22.80202
2466,44.29322
2467,92.92462
2468,158.6358
2469,195.2465
2470,250.1078
2471,319.8829
2472,329.1814
2473,345.42056
2474,345.791
2475,330.04086
2476,289.54968
2477,248.04066
2478,192.7601
2479,111.02158
2480,107.744286
2481,65.980576
2482,58.022778
2483,30.056368
2484,-2.8314595
2485,6.9063873
2486,-13.4199505
2487,-5.389136
2488,27.330036
2489,99.25974
2490,261.5923
2491,381.2336
2492,195.80879
2493,131.63031
2494,111.88948
2495,160.41412
2496,149.75362
2497,130.38051
2498,207.48312
2499,270.76337
2500,471.8141
2501,483.29688
2502,130.54637
2503,178.60805
2504,127.94156
2505,97.82086
2506,74.144066
2507,2.1532698
2508,-14.0915165
2509,-0.9275208
2510,19.588081
2511,20.15568
2512,39.78704
2513,86.443596
2514,251.63895
2515,399.2587
2516,193.1011
2517,108.89399
2518,154.89424
2519,214.40504
2520,198.05354
2521,204.74927
2522,175.7858
2523,296.89456
2524,470.83768
2525,470.9982
2526,261.26398
2527,201.6362
2528,121.69298
2529,99.3814
2530,49.348404
2531,2.6173306
2532,1.1719307
2533,-4.8918467
2534,-1.3094758
2535,-6.2417274
2536,8.522748
2537,84.860405
2538,270.55963
2539,382.05502
2540,195.8976
2541,114.47799
2542,157.02829
2543,194.54077
2544,112.78392
2545,165.18648
2546,175.08519
2547,276.5645
2548,366.8693
2549,394.2777
2550,121.15153
2551,167.94301
2552,126.7472
2553,87.63454
2554,66.03272
2555,42.92952
2556,23.289484
2557,19.082834
2558,19.115557
2559,9.903637
2560,21.336195
2561,48.925785
2562,275.18005
2563,241.13486
2564,238.55821
2565,110.040764
2566,86.350746
2567,115.5005
2568,130.06511
2569,131.0057
2570,126.383606
2571,247.69322
2572,424.405
2573,352.38318
2574,220.73375
2575,159.29831
2576,160.95775
2577,69.35119
2578,56.207146
2579,32.540844
2580,11.540138
2581,13.704432
2582,-2.6361513
2583,12.800642
2584,11.593071
2585,91.825096
2586,278.79712
2587,414.30536
2588,248.33156
2589,142.17738
2590,170.49115
2591,155.90103
2592,177.17734
2593,162.34808
2594,196.16258
2595,243.38684
2596,418.29184
2597,399.70413
2598,244.3237
2599,93.702515
2600,54.047955
2601,-13.511354
2602,30.479263
2603,40.87744
2604,42.891144
2605,32.082413
2606,2.380751
2607,-6.3094435
2608,17.599554
2609,3.8992918
2610,-9.087011
2611,6.675299
2612,84.218735
2613,92.18891
2614,104.243805
2615,121.522514
2616,127.50689
2617,139.51605
2618,200.8789
2619,147.6338
2620,-17.27372
2621,-56.720596
2622,28.266191
2623,44.592403
2624,54.603153
2625,15.279181
2626,-4.284192
2627,52.218204
2628,22.754501
2629,3.531457
2630,2.4361582
2631,-20.90612
2632,-6.585672
2633,-12.27165
2634,2.0082755
2635,67.27829
2636,144.5585
2637,211.87454
2638,277.52707
2639,311.14096
2640,332.50668
2641,338.2022
2642,349.72473
2643,347.90982
2644,253.0235
2645,204.91225
2646,276.61603
2647,145.31247
2648,101.76905
2649,45.03372
2650,8.483446
2651,18.296125
2652,9.684598
2653,10.901267
2654,37.490273
2655,8.761038
2656,45.063236
2657,88.01949
2658,276.34793
2659,388.9246
2660,201.96292
2661,124.19573
2662,159.22495
2663,219.3449
2664,165.82666
2665,129.64758
2666,202.06879
2667,236.14589
2668,445.6511
2669,398.5823
2670,261.808
2671,188.93568
2672,103.60497
2673,63.24953
2674,51.681286
2675,63.3292
2676,63.88906
2677,50.308414
2678,30.179329
2679,-0.1579876
2680,18.312397
2681,20.05116
2682,22.122047
2683,81.54619
2684,172.17833
2685,184.5143
2686,229.4799
2687,263.38095
2688,335.05466
2689,286.21222
2690,259.89972
2691,316.90207
2692,300.8001
2693,301.99197
2694,163.10172
2695,155.54912
2696,107.210266
2697,81.512405
2698,65.83562
2699,36.45752
2700,45.004055
2701,15.95338
2702,13.641646
2703,6.2668767
2704,14.809482
2705,99.913864
2706,274.84848
2707,369.46085
2708,221.04576
2709,130.1512
2710,123.46558
2711,159.01263
2712,148.15804
2713,141.87741
2714,117.802986
2715,114.34891
2716,151.1056
2717,191.55963
2718,128.99588
2719,115.03592
2720,96.364586
2721,80.23858
2722,58.102905
2723,58.09602
2724,54.960167
2725,36.015522
2726,34.467224
2727,30.540493
2728,33.493607
2729,98.670715
2730,111.11814
2731,196.21507
2732,140.84802
2733,77.96219
2734,106.28391
2735,111.60799
2736,108.305786
2737,102.28465
2738,65.15425
2739,81.93643
2740,206.62212
2741,167.58557
2742,105.859055
2743,94.32744
2744,73.31927
2745,85.78383
2746,32.392265
2747,36.329132
2748,42.74919
2749,15.766344
2750,16.761343
2751,41.150738
2752,29.912996
2753,94.369026
2754,250.38535
2755,403.36435
2756,241.74916
2757,130.92432
2758,103.38045
2759,220.53104
2760,164.87782
2761,184.59393
2762,171.92416
2763,206.27557
2764,171.935
2765,416.3038
2766,265.9859
2767,213.61588
2768,178.61494
2769,106.97025
2770,90.92678
2771,109.33716
2772,47.520054
2773,32.498333
2774,26.743681
2775,36.131504
2776,54.536076
2777,52.408268
2778,60.78963
2779,123.18467
2780,187.34256
2781,209.06108
2782,341.11774
2783,334.81775
2784,279.0799
2785,364.29742
2786,341.02087
2787,306.847
2788,329.12958
2789,318.32782
2790,207.03072
2791,153.59178
2792,156.35214
2793,107.71248
2794,74.77153
2795,27.49485
2796,18.333418
2797,2.5614724
2798,-2.7028165
2799,-5.6796036
2800,17.32436
2801,92.41606
2802,250.95113
2803,443.25937
2804,209.64713
2805,101.45719
2806,113.398315
2807,190.63716
2808,184.40845
2809,215.14548
2810,217.19768
2811,267.89
2812,480.99536
2813,438.9154
2814,235.50027
2815,241.73505
2816,122.399994
2817,98.055984
2818,74.48662
2819,71.86902
2820,68.16966
2821,43.371353
2822,28.806194
2823,13.8643
2824,-1.7728724
2825,13.87107
2826,50.851166
2827,65.889496
2828,153.82947
2829,217.80298
2830,251.75221
2831,309.2356
2832,304.10104
2833,260.48636
2834,314.1679
2835,273.54263
2836,258.30386
2837,249.51698
2838,176.99348
2839,153.76971
2840,104.93602
2841,91.14156
2842,76.7815
2843,83.43036
2844,69.2556
2845,59.667797
2846,40.318108
2847,45.88865
2848,40.768917
2849,-11.2742405
2850,60.84878
2851,108.22575
2852,169.88167
2853,214.34328
2854,293.1308
2855,342.81464
2856,360.68213
2857,412.8646
2858,438.91785
2859,343.4028
2860,316.7301
2861,286.84012
2862,167.57599
2863,142.16235
2864,91.079185
2865,31.149567
2866,18.515476
2867,36.969627
2868,35.58339
2869,11.313014
2870,-12.911338
2871,43.336082
2872,82.26906
2873,322.6626
2874,399.1638
2875,226.76903
2876,135.00005
2877,120.51433
2878,204.96869
2879,163.5002
2880,211.76164
2881,203.46324
2882,292.43835
2883,552.1556
2884,499.8675
2885,305.00464
2886,193.5538
2887,135.65869
2888,95.07096
2889,77.35477
2890,11.464259
2891,-2.767663
2892,16.46074
2893,15.28746
2894,-0.2739535
2895,21.323606
2896,97.27706
2897,262.34485
2898,432.69604
2899,119.896835
2900,72.340096
2901,54.205112
2902,89.884796
2903,45.609715
2904,121.12002
2905,114.456955
2906,104.600334
2907,225.05347
2908,197.97522
2909,127.44699
2910,135.4992
2911,113.046326
2912,71.286575
2913,52.230896
2914,81.62599
2915,30.218088
2916,3.9864337
2917,3.07672
2918,-10.743706
2919,29.472956
2920,95.54488
2921,259.9306
2922,437.3951
2923,210.0445
2924,132.84943
2925,161.51163
2926,166.40904
2927,127.49509
2928,118.249756
2929,166.48117
2930,195.08968
2931,368.87674
2932,337.22986
2933,212.26503
2934,152.54808
2935,136.47623
2936,66.5128
2937,50.390686
2938,65.16213
2939,43.38397
2940,-1.7090331
2941,-0.18008369
2942,15.160108
2943,50.07521
2944,104.65337
2945,285.7834
2946,378.21783
2947,219.02405
2948,61.26763
2949,111.29235
2950,135.3292
2951,113.03244
2952,111.36524
2953,130.00511
2954,185.56734
2955,428.70944
2956,361.43362
2957,220.51715
2958,173.74579
2959,141.04724
2960,111.64457
2961,97.38797
2962,38.310246
2963,21.637783
2964,15.498128
2965,15.834927
2966,14.96219
2967,11.816211
2968,61.048965
2969,183.31937
2970,186.50511
2971,160.93655
2972,112.67245
2973,115.67665
2974,85.56883
2975,23.413992
2976,114.443146
2977,140.48639
2978,37.753223
2979,84.84804
2980,185.795
2981,70.31744
2982,84.331696
2983,67.16094
2984,54.74271
2985,34.02196
2986,6.2406983
2987,14.438781
2988,-3.5037427
2989,4.8657193
2990,-9.443778
2991,14.569426
2992,52.96049
2993,176.9248
2994,357.45612
2995,155.77188
2996,106.095894
2997,128.64397
2998,152.53911
2999,123.95846
3000,114.40002
3001,137.77989
3002,170.6898
3003,282.06525
3004,301.51843
3005,224.51035
3006,63.629055
3007,61.889683
3008,16.134054
3009,10.370106
3010,-25.605812
3011,-34.258713
3012,-16.963263
3013,-18.13276
3014,-32.84334
3015,8.01666
3016,48.465992
3017,194.15959
3018,301.63098
3019,158.9314
3020,95.68354
3021,111.71027
3022,109.448425
3023,78.23284
3024,87.13926
3025,104.088326
3026,134.71927
3027,291.23517
3028,271.43475
3029,192.9797
3030,101.85949
3031,80.75558
3032,52.80085
3033,23.732038
3034,43.124542
3035,69.96764
3036,67.97288
3037,29.673954
3038,19.15002
3039,18.695427
3040,13.753516
3041,17.800837
3042,52.43845
3043,78.13981
3044,108.462036
3045,135.45021
3046,186.02798
3047,219.07672
3048,211.40958
3049,178.3979
3050,185.5319
3051,128.8556
3052,124.22288
3053,107.69356
3054,103.82182
3055,91.01477
3056,55.69938
3057,91.79233
3058,45.365177
3059,31.361935
3060,48.132435
3061,19.649055
3062,25.856333
3063,15.461832
3064,32.91816
3065,38.216576
3066,73.28355
3067,137.4168
3068,128.69406
3069,150.48915
3070,148.78319
3071,168.5452
3072,221.86617
3073,217.03795
3074,221.18138
3075,77.5481
3076,160.93745
3077,96.615585
3078,89.8989
3079,58.046925
3080,47.644604
3081,30.139538
3082,25.438702
3083,-4.4535604
3084,-12.59159
3085,3.5795212
3086,-5.122659
3087,8.393509
3088,85.716965
3089,84.63581
3090,123.71765
3091,134.52565
3092,116.38855
3093,184.32558
3094,181.45721
3095,201.22299
3096,187.61118
3097,169.61087
3098,179.51012
3099,143.5899
3100,135.841
3101,62.626823
3102,31.387703
3103,64.49767
3104,-4.6150603
3105,-6.478164
3106,-12.157517
3107,-6.048212
3108,22.37045
3109,43.19922
3110,93.93971
3111,192.33218
3112,320.28973
3113,136.50632
3114,98.317085
3115,67.26495
3116,67.53503
3117,103.18531
3118,12.153476
3119,17.092094
3120,42.182682
3121,219.91374
3122,170.69603
3123,160.36655
3124,86.56198
3125,61.100536
3126,51.434597
3127,19.486658
3128,13.693764
3129,-20.032173
3130,-7.123982
3131,-6.6024165
3132,14.157749
3133,57.18915
3134,172.74597
3135,356.5893
3136,197.01053
3137,79.152985
3138,80.0474
3139,73.36942
3140,83.89778
3141,73.29297
3142,83.990746
3143,166.75224
3144,202.77573
3145,208.84175
3146,163.53525
3147,111.596466
3148,62.310974
3149,60.86044
3150,32.011154
3151,-11.0560665
3152,-17.348475
3153,4.972664
3154,-5.5456233
3155,-17.268381
3156,22.124603
3157,68.093925
3158,167.49211
3159,286.69092
3160,141.21858
3161,28.012222
3162,56.655895
3163,91.646706
3164,86.52382
3165,96.135605
3166,91.76082
3167,164.15494
3168,264.152
3169,265.94196
3170,172.71408
3171,104.52382
3172,95.15054
3173,63.665165
3174,36.360607
3175,-13.170261
3176,6.133819
3177,6.421135
3178,6.711417
3179,3.6044264
3180,34.406715
3181,59.578915
3182,175.8151
3183,298.09158
3184,188.90988
3185,76.51235
3186,82.49057
3187,135.28633
3188,116.63028
3189,75.38174
3190,131.12263
3191,157.0557
3192,288.0741
3193,295.76923
3194,120.5144
3195,113.71332
3196,92.311615
3197,82.33771
3198,46.37942
3199,55.24184
3200,60.816338
3201,46.10503
3202,26.873571
3203,-13.784324
3204,45.02746
3205,16.185032
3206,40.670727
3207,133.65239
3208,94.54882
3209,102.455925
3210,228.71692
3211,312.97342
3212,333.82742
3213,242.43013
3214,207.8585
3215,243.42854
3216,185.97656
3217,204.2174
3218,172.04048
3219,80.136246
3220,78.787384
3221,97.29131
3222,57.808548
3223,36.04113
3224,17.062553
3225,6.6297507
3226,33.07972
3227,30.157417
3228,51.75908
3229,72.29973
3230,187.24918
3231,380.53125
3232,218.68977
3233,121.14848
3234,182.32831
3235,209.12277
3236,139.95973
3237,156.8869
3238,172.28645
3239,220.41068
3240,280.32568
3241,290.43668
3242,255.36661
3243,173.12277
3244,121.50232
3245,89.03335
3246,-7.753221
3247,13.940349
3248,-7.544981
3249,18.735302
3250,-7.3773875
3251,9.324733
3252,25.56297
3253,7.431703
3254,-29.413805
3255,26.75577
3256,50.67328
3257,99.65153
3258,196.61224
3259,252.56296
3260,186.04866
3261,132.11626
3262,139.3035
3263,117.11633
3264,82.02697
3265,154.73174
3266,43.19495
3267,-32.838333
3268,11.27815
3269,-24.12767
3270,-70.11637
3271,-9.30191
3272,-19.109766
3273,-6.729415
3274,2.219429
3275,-109.959694
3276,0.32462642
3277,10.874294
3278,18.405579
3279,87.38215
3280,90.14571
3281,117.33036
3282,45.05435
3283,154.0022
3284,238.26285
3285,159.639
3286,173.55144
3287,150.17366
3288,136.61342
3289,105.39206
3290,57.767136
3291,-17.372683
3292,31.375975
3293,25.044828
3294,36.901276
3295,28.44257
3296,16.535582
3297,13.077268
3298,23.430864
3299,-12.545749
3300,39.948425
3301,94.83019
3302,185.89908
3303,319.83124
3304,240.49788
3305,89.5202
3306,120.8893
3307,101.6994
3308,80.128716
3309,90.669075
3310,114.99261
3311,137.40526
3312,208.49376
3313,205.94456
3314,156.71695
3315,99.80647
3316,82.52047
3317,37.92906
3318,15.704074
3319,1.7666727
3320,-6.7418284
3321,-7.8210497
3322,-12.178801
3323,-1.6524788
3324,18.510952
3325,47.765263
3326,149.30397
3327,327.83786
3328,217.92973
3329,78.48645
3330,143.68185
3331,146.08273
3332,140.33067
3333,88.70636
3334,175.2097
3335,246.84714
3336,493.89337
3337,460.8265
3338,324.30893
3339,129.09384
3340,67.6297
3341,58.115074
3342,30.496181
3343,8.22608
3344,-18.255747
3345,-18.909575
3346,-12.069426
3347,-9.925676
3348,14.9903145
3349,62.007343
3350,197.08511
3351,389.44882
3352,216.59517
3353,107.68413
3354,118.561646
3355,162.36946
3356,164.76299
3357,124.22541
3358,148.87961
3359,254.83824
3360,402.7103
3361,368.5901
3362,246.20634
3363,185.47684
3364,88.2281
3365,63.052105
3366,27.177238
3367,12.006394
3368,8.642638
3369,-25.72357
3370,1.977966
3371,-17.049423
3372,22.885662
3373,75.428406
3374,252.75163
3375,428.4052
3376,233.91304
3377,74.71522
3378,102.215096
3379,137.63623
3380,165.90651
3381,141.77316
3382,201.75368
3383,225.87785
3384,435.13516
3385,415.75897
3386,296.3134
3387,167.13611
3388,98.89329
3389,77.21911
3390,67.763824
3391,11.284995
3392,3.1764739
3393,9.955296
3394,-3.5545237
3395,32.76198
3396,18.154953
3397,93.16836
3398,205.16212
3399,208.59052
3400,72.22496
3401,71.23946
3402,58.790894
3403,115.9039
3404,190.9838
3405,135.51291
3406,179.52101
3407,235.58134
3408,413.56842
3409,418.49405
3410,235.36418
3411,191.51773
3412,97.89204
3413,48.58667
3414,21.399084
3415,44.89592
3416,54.95518
3417,28.441763
3418,30.498022
3419,8.519011
3420,27.349274
3421,8.8994875
3422,59.057533
3423,87.16442
3424,115.72859
3425,139.83386
3426,225.86734
3427,228.80498
3428,295.1425
3429,292.73303
3430,313.7194
3431,361.2429
3432,372.03098
3433,312.25238
3434,196.26697
3435,177.913
3436,115.44877
3437,68.08875
3438,20.153358
3439,39.72268
3440,20.077831
3441,-0.3580491
3442,-8.585161
3443,15.4965725
3444,31.227343
3445,19.125505
3446,3.5397
3447,25.470524
3448,85.84706
3449,155.85992
3450,144.87341
3451,214.41959
3452,227.22261
3453,230.2851
3454,270.99304
3455,248.34561
3456,288.12567
3457,236.16084
3458,147.44936
3459,74.558624
3460,80.23615
3461,45.5652
3462,69.47443
3463,-29.017908
3464,27.600876
3465,19.189854
3466,-7.5733495
3467,21.527325
3468,37.444397
3469,50.80218
3470,189.42409
3471,383.9465
3472,210.4201
3473,89.67638
3474,126.210686
3475,181.0315
3476,154.48547
3477,140.14995
3478,157.86908
3479,234.5019
3480,432.90112
3481,380.59653
3482,217.9193
3483,173.57088
3484,102.43293
3485,34.9678
3486,60.55395
3487,5.0081325
3488,0.6702946
3489,-8.321156
3490,-16.25284
3491,11.582634
3492,34.116386
3493,49.433346
3494,239.89989
3495,453.3441
3496,231.31808
3497,90.48093
3498,143.36331
3499,170.07358
3500,219.68533
3501,209.60596
3502,202.75423
3503,294.56696
3504,562.57526
3505,507.47736
3506,374.11578
3507,208.1954
3508,194.22258
3509,107.52566
3510,25.850256
3511,42.116653
3512,35.15006
3513,29.072443
3514,17.656092
3515,-5.8758545
3516,-22.028173
3517,18.91304
3518,152.2378
3519,132.98189
3520,136.61351
3521,155.92513
3522,163.33641
3523,228.8636
3524,241.22758
3525,240.35625
3526,293.92657
3527,327.94153
3528,280.94778
3529,179.5457
3530,137.39536
3531,100.65696
3532,65.89165
3533,47.703194
3534,-1.6355677
3535,1.2957451
3536,-0.10652409
3537,5.992683
3538,51.778606
3539,127.68227
3540,248.33997
3541,490.86584
3542,266.97415
3543,77.26837
3544,116.189514
3545,128.38841
3546,101.77027
3547,85.314545
3548,102.03162
3549,194.99695
3550,436.2241
3551,440.36395
3552,272.81055
3553,213.35983
3554,149.42328
3555,77.71988
3556,37.52695
3557,-0.22555557
3558,-8.435201
3559,4.482716
3560,3.529817
3561,-9.426324
3562,-7.149224
3563,50.201687
3564,249.75418
3565,469.97253
3566,232.51949
3567,102.49408
3568,100.34743
3569,175.6258
3570,181.1963
3571,174.2508
3572,229.8549
3573,345.05472
3574,657.27356
3575,442.8557
3576,272.96237
3577,192.51414
3578,129.74532
3579,65.93609
3580,33.30684
3581,19.810463
3582,9.089341
3583,18.49541
3584,-21.277946
3585,-31.818026
3586,-12.380527
3587,92.08111
3588,212.58095
3589,497.7984
3590,242.00488
3591,146.83614
3592,145.18231
3593,213.96721
3594,259.41617
3595,222.06786
3596,250.73961
3597,390.9488
3598,625.2533
3599,622.7333
3600,358.26346
3601,217.95848
3602,163.5553
3603,111.17035
3604,90.092636
3605,39.55208
3606,22.046427
3607,-41.447372
3608,12.714667
3609,4.3239307
3610,11.48286
3611,91.605865
3612,246.6212
3613,481.12473
3614,136.54292
3615,41.456715
3616,99.854805
3617,182.25525
3618,228.56104
3619,175.5098
3620,88.60021
3621,115.32949
3622,394.735
3623,324.8215
3624,305.2296
3625,258.52158
3626,175.36674
3627,107.57789
3628,71.83463
3629,20.41891
3630,50.221687
3631,18.619366
3632,25.30021
3633,6.763335
3634,32.683937
3635,55.406647
3636,20.94722
3637,90.56259
3638,-1.0358679
3639,184.18199
3640,175.24187
3641,218.27301
3642,265.26233
3643,219.12376
3644,262.0947
3645,225.82649
3646,204.08926
3647,222.59283
3648,109.5619
3649,86.94583
3650,96.834465
3651,69.50606
3652,56.974945
3653,26.030203
3654,22.077085
3655,21.781767
3656,5.0123305
3657,-2.4714835
3658,-25.532001
3659,5.4695797
3660,-3.9417284
3661,75.03838
3662,77.84501
3663,165.49422
3664,162.6425
3665,297.83603
3666,314.4791
3667,327.58267
3668,342.36243
3669,274.65683
3670,285.26395
3671,270.09634
3672,192.7662
3673,109.97426
3674,90.919495
3675,79.331245
3676,90.71721
3677,7.9941096
3678,7.4450073
3679,-13.147939
3680,-13.373947
3681,-15.389593
3682,6.251572
3683,51.035366
3684,213.15393
3685,507.70514
3686,239.93466
3687,86.187515
3688,167.70995
3689,194.15118
3690,183.8258
3691,199.87642
3692,272.1163
3693,344.7916
3694,578.2488
3695,615.4112
3696,396.53033
3697,253.0909
3698,173.10463
3699,95.67458
3700,110.81181
3701,54.807087
3702,23.843204
3703,18.393967
3704,37.89066
3705,50.99655
3706,63.12848
3707,86.1854
3708,221.39546
3709,462.18488
3710,202.40562
3711,113.48037
3712,145.41508
3713,177.33032
3714,157.4649
3715,148.96811
3716,248.24342
3717,316.14438
3718,516.1086
3719,468.26666
3720,343.78033
3721,199.17168
3722,132.87698
3723,109.43705
3724,74.4348
3725,7.937548
3726,17.296198
3727,-4.552025
3728,-23.162386
3729,3.141709
3730,93.5969
3731,242.734
3732,480.5645
3733,139.33311
3734,17.260803
3735,56.780243
3736,33.139515
3737,65.13533
3738,59.578114
3739,154.24681
3740,102.19667
3741,385.6933
3742,352.88657
3743,282.02414
3744,185.59117
3745,167.71364
3746,58.729126
3747,46.076347
3748,34.966534
3749,9.332712
3750,-3.0469966
3751,-9.806806
3752,9.496311
3753,-10.886993
3754,59.149673
3755,131.74835
3756,562.5964
3757,289.5251
3758,177.07187
3759,253.65149
3760,231.24576
3761,216.70573
3762,238.54227
3763,264.1712
3764,401.01126
3765,688.16364
3766,655.6199
3767,507.42365
3768,332.9383
3769,207.32658
3770,198.70078
3771,54.78047
3772,37.243088
3773,32.399914
3774,-3.23493
3775,-6.88079
3776,-8.458116
3777,9.55254
3778,72.35423
3779,194.34428
3780,422.48633
3781,281.0024
3782,153.75049
3783,152.91591
3784,235.49425
3785,159.23184
3786,208.63242
3787,203.6926
3788,361.93484
3789,669.64386
3790,637.5755
3791,488.6177
3792,339.84482
3793,168.9988
3794,128.19502
3795,149.48524
3796,54.076653
3797,32.399914
3798,24.895159
3799,22.405813
3800,-20.749952
3801,-1.9764613
3802,87.23725
3803,265.77542
3804,546.6338
3805,255.6036
3806,107.88068
3807,106.81624
3808,170.68637
3809,288.86847
3810,155.21155
3811,277.27112
3812,402.85004
3813,716.92566
3814,718.2784
3815,515.4142
3816,340.5618
3817,263.90244
3818,128.61691
3819,102.70809
3820,49.387802
3821,14.019356
3822,0.3406982
3823,8.622508
3824,-9.243885
3825,-7.2142963
3826,96.69818
3827,280.7664
3828,526.45874
3829,272.67166
3830,188.92786
3831,209.33429
3832,270.76532
3833,329.84348
3834,324.9452
3835,345.10474
3836,427.455
3837,785.2115
3838,745.15967
3839,533.4507
3840,418.05527
3841,367.25494
3842,222.2966
3843,82.99304
3844,143.1923
3845,109.21274
3846,86.69669
3847,37.70703
3848,25.713076
3849,46.843563
3850,29.764978
3851,64.45338
3852,65.80804
3853,247.94466
3854,249.77802
3855,243.61311
3856,251.87321
3857,265.8969
3858,219.13223
3859,233.34859
3860,155.32076
3861,124.0322
3862,100.48747
3863,22.685345
3864,65.19689
3865,88.83956
3866,36.470253
3867,-1.6710061
3868,70.615135
3869,74.35198
3870,80.528175
3871,37.37733
3872,22.75325
3873,14.098563
3874,25.473173
3875,22.428774
3876,78.832924
3877,83.98014
3878,226.98547
3879,204.38057
3880,284.314
3881,408.37833
3882,338.60095
3883,344.91476
3884,418.54367
3885,399.3659
3886,392.69717
3887,272.349
3888,101.87185
3889,114.67257
3890,150.50108
3891,84.54931
3892,45.20863
3893,1.7402185
3894,-11.701993
3895,-7.9417977
3896,23.938673
3897,52.445267
3898,135.54121
3899,383.72482
3900,631.2863
3901,235.26079
3902,187.59969
3903,203.65404
3904,237.3752
3905,210.43848
3906,228.69339
3907,203.9293
3908,252.69225
3909,468.0493
3910,521.53064
3911,372.10562
3912,247.74149
3913,136.55505
3914,135.59486
3915,54.67207
3916,17.783287
3917,73.05593
3918,36.828835
3919,97.82433
3920,72.93316
3921,23.32468
3922,53.017696
3923,212.60933
3924,472.70248
3925,233.36943
3926,115.25547
3927,122.88216
3928,149.73358
3929,175.5191
3930,189.92715
3931,177.6799
3932,244.30266
3933,476.10416
3934,509.86984
3935,325.80084
3936,237.62155
3937,126.59428
3938,119.13468
3939,72.06326
3940,50.916576
3941,-6.8500304
3942,4.098665
3943,26.626514
3944,23.759876
3945,36.876762
3946,80.197296
3947,231.99945
3948,482.46048
3949,261.44162
3950,186.00029
3951,205.35289
3952,264.85617
3953,283.9418
3954,254.229
3955,293.89337
3956,360.29462
3957,712.5061
3958,699.74634
3959,473.77188
3960,340.65128
3961,287.2192
3962,222.14034
3963,130.14989
3964,41.970673
3965,32.591843
3966,32.931583
3967,17.189247
3968,64.71446
3969,12.259106
3970,125.10538
3971,323.2553
3972,555.8249
3973,260.118
3974,147.84213
3975,162.12909
3976,207.54916
3977,223.53206
3978,240.15326
3979,293.46097
3980,398.43027
3981,684.9718
3982,624.5348
3983,339.46973
3984,247.1298
3985,171.84393
3986,110.08628
3987,89.74638
3988,41.373287
3989,3.4170644
3990,-0.30928692
3991,28.722084
3992,9.446543
3993,20.667662
3994,103.921715
3995,262.806
3996,505.2299
3997,275.385
3998,128.84026
3999,121.26451
4000,158.0575
4001,84.78969
4002,55.549934
4003,62.96728
4004,149.61317
4005,458.88177
4006,531.59973
4007,351.6392
4008,257.06815
4009,153.10951
4010,94.96849
4011,58.37008
4012,53.960278
4013,53.85785
4014,78.591125
4015,21.12709
4016,46.43579
4017,-19.74738
4018,16.040758
4019,52.71878
4020,100.112114
4021,130.49527
4022,265.01056
4023,372.6248
4024,391.71494
4025,522.2696
4026,395.40564
4027,453.759
4028,351.3158
4029,393.77625
4030,302.40796
4031,305.11984
4032,179.4132
4033,136.48116
4034,72.718956
4035,52.0004
4036,55.395164
4037,6.373264
4038,-6.9942856
4039,16.18705
4040,17.664598
4041,26.54571
4042,132.3373
4043,286.7201
4044,579.8053
4045,341.68222
4046,149.21465
4047,169.3045
4048,291.66092
4049,281.48325
4050,243.60612
4051,258.8126
4052,404.3845
4053,742.0716
4054,708.8779
4055,570.56714
4056,403.9218
4057,262.67493
4058,157.99498
4059,157.35182
4060,111.20101
4061,90.94369
4062,123.7794
4063,8.881209
4064,12.61003
4065,8.659398
4066,20.669573
4067,129.34134
4068,180.18413
4069,265.5594
4070,377.9394
4071,445.79947
4072,564.11957
4073,546.1489
4074,513.8658
4075,596.7802
4076,565.43744
4077,642.5086
4078,478.85596
4079,296.91617
4080,2.9015512
4081,45.4954
4082,115.13328
4083,40.93369
4084,63.726467
4085,86.60995
4086,74.86023
4087,55.538357
4088,42.362423
4089,17.71731
4090,48.80473
4091,31.884716
4092,117.87057
4093,115.38448
4094,210.11247
4095,192.18954
4096,255.55817
4097,262.16226
4098,204.32895
4099,257.9095
4100,235.96783
4101,58.072506
4102,77.61579
4103,82.899216
4104,7.0799665
4105,44.788845
4106,29.266548
4107,-4.836606
4108,-11.962678
4109,-17.279238
4110,26.033175
4111,-12.08028
4112,-44.806015
4113,-24.06301
4114,96.52048
4115,185.82187
4116,474.79156
4117,249.43701
4118,105.159515
4119,111.26048
4120,56.45154
4121,64.34158
4122,57.574867
4123,154.64969
4124,140.82474
4125,199.66289
4126,321.504
4127,252.90706
4128,194.28802
4129,73.210556
4130,52.245033
4131,61.959087
4132,19.888832
4133,29.264732
4134,-25.167364
4135,-46.483418
4136,-39.182373
4137,-9.555974
4138,48.67285
4139,255.55978
4140,594.39044
4141,254.00798
4142,148.42029
4143,228.64404
4144,302.37173
4145,259.89694
4146,237.82675
4147,213.36003
4148,284.55118
4149,640.831
4150,613.40594
4151,382.8814
4152,225.62283
4153,157.11578
4154,155.59409
4155,96.4986
4156,42.767433
4157,14.069742
4158,3.5920992
4159,-39.77042
4160,7.9515557
4161,20.77438
4162,100.2382
4163,306.78708
4164,556.6229
4165,285.9894
4166,228.34389
4167,253.93417
4168,210.1281
4169,275.45444
4170,203.57634
4171,204.67192
4172,286.3077
4173,634.0338
4174,624.89557
4175,409.66394
4176,322.41034
4177,296.28168
4178,213.63846
4179,81.9771
4180,-15.561747
4181,-15.249717
4182,-46.15709
4183,-69.43678
4184,-50.114048
4185,-14.070069
4186,63.91767
4187,263.92636
4188,463.1455
4189,196.05797
4190,70.25211
4191,92.18139
4192,202.67308
4193,195.72784
4194,138.93303
4195,198.13316
4196,234.17441
4197,632.53644
4198,568.0142
4199,353.78888
4200,304.2447
4201,177.80254
4202,143.87367
4203,58.11236
4204,76.79807
4205,10.336538
4206,-6.914432
4207,-1.5311403
4208,-20.43606
4209,39.526375
4210,124.657585
4211,259.912
4212,526.1792
4213,267.06827
4214,186.04132
4215,191.72694
4216,285.97714
4217,283.01785
4218,259.62622
4219,235.70529
4220,385.15573
4221,650.5875
4222,664.02936
4223,445.59375
4224,261.00763
4225,191.12895
4226,119.577065
4227,73.83159
4228,67.71762
4229,75.48269
4230,21.379265
4231,48.67951
4232,52.507896
4233,56.87798
4234,43.903683
4235,94.61024
4236,115.082535
4237,176.44418
4238,256.73904
4239,304.697
4240,357.09088
4241,369.9883
4242,376.0528
4243,382.08383
4244,363.54105
4245,376.77512
4246,316.6131
4247,168.47424
4248,148.29985
4249,69.04014
4250,90.847275
4251,108.619064
4252,91.19891
4253,90.605736
4254,66.071724
4255,24.24526
4256,22.948278
4257,22.877735
4258,33.07716
4259,83.559326
4260,135.21541
4261,186.39516
4262,302.54773
4263,382.85483
4264,446.7305
4265,503.9491
4266,495.302
4267,516.8959
4268,492.09195
4269,586.75604
4270,566.55426
4271,400.79312
4272,300.89465
4273,221.55989
4274,191.64601
4275,158.1082
4276,62.219006
4277,45.01957
4278,17.039982
4279,11.118012
4280,13.545787
4281,44.35137
4282,99.624084
4283,286.64587
4284,535.0933
4285,271.93054
4286,201.12463
4287,167.1263
4288,233.16754
4289,165.38
4290,143.33893
4291,167.24817
4292,362.80545
4293,710.6194
4294,649.76935
4295,406.11078
4296,271.2862
4297,224.91289
4298,137.52438
4299,64.79622
4300,161.4122
4301,124.54536
4302,110.08674
4303,55.281666
4304,16.674059
4305,0.8337099
4306,46.29441
4307,36.159836
4308,185.51257
4309,445.431
4310,537.9863
4311,586.29297
4312,651.15857
4313,637.1533
4314,635.92316
4315,597.46124
4316,627.72504
4317,602.2589
4318,564.7355
4319,458.60095
4320,366.31232
4321,272.851
4322,138.40724
4323,44.570896
4324,-5.5117903
4325,-6.8368692
4326,-28.212688
4327,14.797654
4328,-20.841507
4329,16.610989
4330,69.433304
4331,212.9857
4332,334.51883
4333,151.86433
4334,70.69061
4335,216.61023
4336,259.34564
4337,109.56049
4338,103.353905
4339,240.18573
4340,325.8201
4341,710.7518
4342,741.81934
4343,497.54868
4344,381.1994
4345,271.09006
4346,185.38307
4347,123.10067
4348,86.06549
4349,25.028856
4350,16.894848
4351,14.432739
4352,11.073412
4353,41.852028
4354,97.573395
4355,240.46367
4356,579.0596
4357,368.63565
4358,199.15674
4359,216.18404
4360,254.20314
4361,230.09636
4362,205.40826
4363,313.56543
4364,423.49597
4365,808.0568
4366,773.67365
4367,515.58826
4368,420.82663
4369,217.35529
4370,213.68742
4371,136.62329
4372,28.163366
4373,31.680374
4374,59.09555
4375,-12.332288
4376,8.976817
4377,26.675068
4378,155.02797
4379,461.63342
4380,691.3435
4381,344.46497
4382,158.4805
4383,206.31703
4384,315.62146
4385,277.3604
4386,266.11868
4387,318.9358
4388,359.15253
4389,549.0513
4390,534.7294
4391,347.80725
4392,248.3237
4393,190.58136
4394,130.83885
4395,95.29088
4396,65.62668
4397,95.63469
4398,70.52533
4399,9.331666
4400,-15.265543
4401,-0.7800278
4402,91.18098
4403,406.55087
4404,625.0982
4405,288.5182
4406,237.02827
4407,263.14346
4408,353.2997
4409,315.6423
4410,277.62408
4411,269.64883
4412,396.5664
4413,785.6958
4414,790.5381
4415,537.9839
4416,382.66193
4417,219.46692
4418,194.83237
4419,188.70712
4420,46.6683
4421,19.05751
4422,37.969246
4423,47.50543
4424,41.993515
4425,77.69063
4426,188.41214
4427,458.0423
4428,661.6707
4429,358.07086
4430,183.01848
4431,201.92596
4432,299.57397
4433,244.12125
4434,212.08026
4435,269.8086
4436,402.70026
4437,747.3567
4438,763.3742
4439,552.39166
4440,367.06772
4441,297.14047
4442,272.26065
4443,155.38945
4444,158.90848
4445,141.60951
4446,101.46893
4447,27.518444
4448,0.61868507
4449,18.043558
4450,20.054186
4451,109.56802
4452,178.72131
4453,238.36594
4454,295.02423
4455,367.03845
4456,428.44733
4457,450.2242
4458,385.52655
4459,419.78674
4460,439.94437
4461,509.4322
4462,533.4031
4463,346.8249
4464,327.07495
4465,263.51764
4466,181.11208
4467,105.49519
4468,174.92865
4469,120.55388
4470,114.74361
4471,74.955826
4472,17.762987
4473,21.15544
4474,36.576538
4475,96.271904
4476,179.13754
4477,221.4977
4478,332.4142
4479,380.53635
4480,410.70737
4481,527.2234
4482,469.7144
4483,492.33838
4484,459.5336
4485,552.07007
4486,523.3156
4487,412.51926
4488,364.99646
4489,150.23254
4490,79.232666
4491,38.8904
4492,158.81557
4493,71.60749
4494,117.73881
4495,2.1352997
4496,27.903109
4497,42.439434
4498,-2.5573173
4499,159.51857
4500,293.17126
4501,390.00388
4502,402.00925
4503,384.85352
4504,408.2632
4505,337.9085
4506,327.56262
4507,379.8165
4508,374.17294
4509,479.90225
4510,466.15408
4511,450.5949
4512,299.61685
4513,264.3658
4514,160.85426
4515,144.62599
4516,77.793144
4517,51.50157
4518,34.240177
4519,-1.7652477
4520,2.4369354
4521,33.644512
4522,130.04431
4523,403.15573
4524,695.362
4525,323.84186
4526,151.71907
4527,275.25772
4528,305.33154
4529,307.96365
4530,283.84103
4531,295.0046
4532,423.2231
4533,749.3037
4534,794.83105
4535,596.6916
4536,334.44806
4537,182.594
4538,183.88774
4539,42.931587
4540,72.9744
4541,49.70551
4542,30.818905
4543,15.039274
4544,41.47662
4545,42.4729
4546,156.56793
4547,244.4063
4548,604.75885
4549,365.87415
4550,210.29918
4551,238.59503
4552,378.4499
4553,363.72144
4554,344.75162
4555,305.78647
4556,428.76273
4557,747.13995
4558,769.2907
4559,598.38824
4560,302.73605
4561,392.82904
4562,258.697
4563,219.83344
4564,105.42965
4565,69.52941
4566,54.01842
4567,41.30087
4568,40.603703
4569,68.03693
4570,123.40747
4571,475.5568
4572,715.35297
4573,391.91052
4574,264.8184
4575,314.23898
4576,385.4847
4577,319.10324
4578,298.5165
4579,366.3393
4580,479.8108
4581,834.53595
4582,837.66705
4583,609.9772
4584,408.33157
4585,302.53
4586,318.42096
4587,288.6356
4588,65.16813
4589,28.477127
4590,25.435696
4591,22.660831
4592,34.19889
4593,65.500404
4594,206.62215
4595,424.47824
4596,733.9745
4597,392.71042
4598,196.47278
4599,205.56897
4600,261.17477
4601,249.24483
4602,244.51295
4603,310.40894
4604,431.52127
4605,733.70557
4606,725.2963
4607,552.3706
4608,459.78317
4609,263.60638
4610,279.58075
4611,159.19759
4612,-16.892813
4613,-26.192638
4614,-21.546564
4615,-5.523933
4616,11.1547165
4617,42.243385
4618,164.33148
4619,409.17175
4620,614.4999
4621,341.21255
4622,225.6481
4623,190.73976
4624,257.8324
4625,265.23358
4626,208.73634
4627,239.50595
4628,393.6268
4629,740.3358
4630,794.7593
4631,519.59705
4632,428.5902
4633,362.71048
4634,235.26277
4635,167.51054
4636,-28.704033
4637,19.408978
4638,-36.362576
4639,-41.967316
4640,-12.100276
4641,21.537474
4642,163.39464
4643,489.32996
4644,652.56244
4645,305.26407
4646,269.72153
4647,277.38385
4648,257.6835
4649,237.217
4650,229.01419
4651,280.19736
4652,377.05487
4653,800.24243
4654,800.90027
4655,531.28467
4656,380.7075
4657,199.79268
4658,193.94853
4659,159.24419
4660,100.35115
4661,102.28142
4662,76.18064
4663,4.333494
4664,17.166958
4665,13.675883
4666,-23.560497
4667,37.350273
4668,131.90358
4669,257.38974
4670,415.41797
4671,441.64294
4672,509.32214
4673,485.40912
4674,511.66052
4675,484.27536
4676,454.5567
4677,496.15652
4678,556.5842
4679,396.59546
4680,390.1921
4681,262.74435
4682,228.96
4683,197.7847
4684,174.73993
4685,151.5291
4686,102.99705
4687,23.112148
4688,13.28346
4689,7.2174187
4690,19.359835
4691,69.43547
4692,154.41533
4693,363.88495
4694,410.77216
4695,469.13763
4696,485.8507
4697,497.84875
4698,470.87668
4699,439.85324
4700,407.3477
4701,479.26108
4702,509.55884
4703,427.92346
4704,332.3032
4705,344.42215
4706,277.39346
4707,109.426025
4708,-9.3013115
4709,-9.9573765
4710,-37.563137
4711,-8.134532
4712,-13.776826
4713,24.67765
4714,119.622826
4715,404.257
4716,626.8187
4717,298.72607
4718,241.665
4719,282.73737
4720,323.3001
4721,270.8089
4722,241.10052
4723,262.17685
4724,395.56693
4725,740.1031
4726,780.482
4727,541.68744
4728,384.7674
4729,347.40433
4730,282.6072
4731,228.1981
4732,86.62085
4733,40.892094
4734,62.624607
4735,38.00218
4736,49.476048
4737,135.65395
4738,193.17778
4739,487.82288
4740,705.85706
4741,397.43884
4742,209.24457
4743,224.99292
4744,268.22174
4745,221.79025
4746,211.01134
4747,266.54117
4748,432.08115
4749,715.2341
4750,726.3005
4751,525.7706
4752,411.2309
4753,303.43115
4754,261.43707
4755,210.52641
4756,86.03765
4757,75.41206
4758,70.045555
4759,132.64091
4760,70.65972
4761,108.85323
4762,243.94247
4763,491.18222
4764,713.7075
4765,332.05414
4766,223.26387
4767,292.82843
4768,347.1054
4769,306.741
4770,310.91846
4771,333.134
4772,410.80692
4773,731.9064
4774,788.3206
4775,583.7319
4776,405.5632
4777,265.5097
4778,272.61423
4779,274.82562
4780,112.24238
4781,88.76025
4782,73.23493
4783,71.697914
4784,12.92539
4785,69.847824
4786,184.74623
4787,476.02225
4788,702.7723
4789,407.74805
4790,238.48337
4791,239.77478
4792,392.50906
4793,361.08896
4794,373.87048
4795,393.56665
4796,402.03876
4797,691.26495
4798,774.7738
4799,545.77386
4800,444.62885
4801,377.73862
4802,297.14435
4803,206.04297
4804,68.6032
4805,88.059715
4806,-39.88242
4807,-42.103413
4808,-23.127136
4809,17.08346
4810,146.53448
4811,434.84592
4812,707.4932
4813,346.96384
4814,175.20685
4815,133.21066
4816,197.82907
4817,174.365
4818,160.14038
4819,201.44107
4820,321.70602
4821,650.1636
4822,622.5961
4823,505.52377
4824,357.3975
4825,320.63873
4826,201.984
4827,138.2091
4828,93.94187
4829,68.09014
4830,66.43113
4831,10.573138
4832,1.8832957
4833,1.5702453
4834,7.06664
4835,48.434322
4836,157.91142
4837,191.98834
4838,302.88046
4839,372.26743
4840,414.0614
4841,432.30777
4842,423.05264
4843,417.17145
4844,371.39636
4845,410.33817
4846,468.5525
4847,360.65433
4848,348.91986
4849,338.28793
4850,162.16296
4851,130.02881
4852,46.58959
4853,29.427238
4854,43.981327
4855,37.479992
4856,38.952652
4857,67.53071
4858,172.42598
4859,404.1848
4860,612.272
4861,350.7003
4862,193.42648
4863,161.3402
4864,63.825684
4865,39.871815
4866,138.9278
4867,154.97627
4868,281.7114
4869,405.4159
4870,591.3373
4871,331.41428
4872,103.38751
4873,125.26675
4874,138.38588
4875,58.281956
4876,76.75237
4877,102.270004
4878,15.965777
4879,9.804276
4880,-36.435516
4881,17.593393
4882,0.14551082
4883,51.889374
4884,114.1328
4885,190.51692
4886,181.2564
4887,252.6899
4888,229.11627
4889,232.24663
4890,249.73358
4891,219.56636
4892,195.29376
4893,146.84361
4894,179.78996
4895,148.194
4896,59.20945
4897,145.87405
4898,71.22974
4899,28.657303
4900,111.33527
4901,81.260735
4902,77.18131
4903,9.335862
4904,29.974194
4905,35.96033
4906,23.800991
4907,71.58652
4908,135.60873
4909,276.66574
4910,335.99805
4911,369.8855
4912,419.10736
4913,388.78003
4914,372.00833
4915,369.83237
4916,320.0074
4917,376.38348
4918,396.62555
4919,302.83255
4920,258.05478
4921,192.39738
4922,143.44339
4923,131.0042
4924,56.03117
4925,34.724304
4926,46.452255
4927,31.420616
4928,9.890047
4929,31.267776
4930,156.11192
4931,451.55655
4932,610.57684
4933,273.78284
4934,206.43169
4935,265.00354
4936,304.46344
4937,292.6333
4938,253.80447
4939,287.7705
4940,391.53506
4941,780.3587
4942,763.4704
4943,600.6347
4944,415.6905
4945,318.1082
4946,222.2082
4947,103.15272
4948,10.910461
4949,15.705024
4950,5.142979
4951,4.8800216
4952,-2.0817025
4953,31.040752
4954,146.44458
4955,434.93625
4956,629.4636
4957,335.69305
4958,209.32292
4959,242.9107
4960,194.63794
4961,263.1673
4962,253.89519
4963,310.67847
4964,383.64713
4965,809.57623
4966,713.413
4967,552.86755
4968,363.85913
4969,267.74664
4970,92.60045
4971,150.73468
4972,10.938046
4973,18.61561
4974,5.4939275
4975,3.1258178
4976,30.219437
4977,69.65623
4978,155.39899
4979,497.96375
4980,671.70685
4981,368.05197
4982,223.45404
4983,233.49515
4984,276.7025
4985,284.52725
4986,243.13777
4987,294.2886
4988,390.89297
4989,737.5569
4990,763.44507
4991,502.1382
4992,475.83542
4993,360.5956
4994,225.41684
4995,198.00223
4996,41.07921
4997,24.366909
4998,27.552166
4999,12.032292
5000,9.766082
5001,42.136036
5002,123.908134
5003,397.88388
5004,593.2202
5005,313.9577
5006,154.44435
5007,168.05302
5008,215.91977
5009,205.2147
5010,162.61153
5011,167.20697
5012,289.3073
5013,593.07904
5014,630.834
5015,456.9359
5016,405.7388
5017,441.1105
5018,331.89548
5019,88.59476
5020,25.088444
5021,15.715373
5022,-14.466129
5023,5.1016355
5024,1.9368743
5025,54.417458
5026,184.168
5027,455.85266
5028,583.08466
5029,309.84497
5030,214.33058
5031,253.24733
5032,314.8782
5033,278.92035
5034,269.3418
5035,257.06775
5036,372.6343
5037,762.8032
5038,771.01404
5039,582.18396
5040,417.7966
5041,334.7724
5042,237.72147
5043,99.22548
5044,103.392715
5045,94.192795
5046,62.61592
5047,19.037628
5048,19.08665
5049,28.702211
5050,9.204106
5051,90.602875
5052,201.96971
5053,304.11975
5054,345.6445
5055,409.94565
5056,418.15356
5057,447.48264
5058,452.00787
5059,410.13
5060,412.36823
5061,450.62805
5062,525.76904
5063,206.36467
5064,181.76413
5065,217.95966
5066,177.83815
5067,144.44022
5068,129.04045
5069,129.63634
5070,77.06259
5071,30.766657
5072,28.596678
5073,11.317826
5074,26.814552
5075,85.40584
5076,122.07108
5077,233.43184
5078,340.76224
5079,429.8216
5080,543.34454
5081,503.91223
5082,494.28754
5083,469.9302
5084,437.7691
5085,426.6239
5086,549.016
5087,438.07095
5088,239.0481
5089,200.47751
5090,91.64869
5091,91.15438
5092,34.5295
5093,18.006853
5094,12.0847845
5095,1.5596558
5096,4.94971
5097,31.040752
5098,148.14323
5099,455.23135
5100,664.9241
5101,261.56015
5102,197.26744
5103,239.19604
5104,223.83698
5105,327.9505
5106,281.34143
5107,304.4057
5108,424.47083
5109,711.4376
5110,700.72644
5111,582.99585
5112,319.25613
5113,256.56195
5114,166.05186
5115,120.35248
5116,33.61731
5117,14.339033
5118,-5.9105816
5119,-5.4717555
5120,-2.0817025
5121,37.834763
5122,149.91856
5123,357.91516
5124,620.8187
5125,322.59668
5126,191.53859
5127,186.82227
5128,331.58685
5129,291.94836
5130,275.88965
5131,204.99162
5132,344.50522
5133,777.2123
5134,716.4508
5135,446.7334
5136,200.0178
5137,272.25714
5138,169.94293
5139,135.3667
5140,53.429283
5141,10.20184
5142,-0.94841236
5143,48.4756
5144,13.267114
5145,48.26609
5146,161.02936
5147,436.94788
5148,603.1916
5149,296.3736
5150,143.54659
5151,187.63368
5152,264.05804
5153,246.10733
5154,273.5949
5155,278.91623
5156,426.47778
5157,729.6822
5158,634.73566
5159,457.776
5160,242.78465
5161,172.31874
5162,157.17282
5163,123.90419
5164,68.5298
5165,27.038202
5166,-32.39401
5167,1.175614
5168,4.8304634
5169,22.163317
5170,131.84283
5171,406.6764
5172,587.4234
5173,284.76273
5174,211.95354
5175,275.59946
5176,347.8716
5177,278.16144
5178,250.69702
5179,253.22327
5180,416.50305
5181,817.64734
5182,810.5456
5183,416.4601
5184,351.86386
5185,247.61174
5186,156.37698
5187,60.368877
5188,14.499613
5189,-11.817562
5190,-28.560095
5191,-37.17141
5192,30.421438
5193,3.786567
5194,148.80417
5195,417.06787
5196,615.18146
5197,331.44858
5198,200.74011
5199,219.84395
5200,308.39648
5201,270.88843
5202,261.66815
5203,264.8041
5204,414.2398
5205,784.7584
5206,734.76276
5207,491.10684
5208,393.77167
5209,247.61174
5210,227.53207
5211,97.246925
5212,11.921435
5213,-6.7074156
5214,-23.806217
5215,-34.07414
5216,-32.685192
5217,4.8352995
5218,107.50042
5219,401.0808
5220,601.81494
5221,329.66968
5222,208.99437
5223,221.1567
5224,292.06897
5225,309.10052
5226,264.6782
5227,262.38208
5228,470.0128
5229,846.31555
5230,809.20105
5231,611.64966
5232,415.16718
5233,300.26425
5234,212.53401
5235,142.84561
5236,74.96746
5237,1.0995972
5238,32.5008
5239,-5.4655313
5240,-6.4192166
5241,-0.27154157
5242,157.37856
5243,432.24573
5244,620.1099
5245,360.75977
5246,211.82597
5247,228.29648
5248,304.99194
5249,310.7672
5250,258.55484
5251,278.33945
5252,433.24432
5253,824.7915
5254,728.6908
5255,534.68195
5256,338.29492
5257,272.56494
5258,245.42268
5259,154.52574
5260,129.78238
5261,136.62848
5262,96.37687
5263,27.019852
5264,23.07591
5265,14.808815
5266,13.041673
5267,46.017937
5268,164.4768
5269,255.54173
5270,310.1095
5271,373.58392
5272,544.0321
5273,530.74457
5274,381.74478
5275,361.82864
5276,438.66507
5277,395.54
5278,380.14044
5279,298.83194
5280,78.122505
5281,153.9625
5282,44.615334
5283,17.753466
5284,79.35695
5285,95.085815
5286,65.89643
5287,2.4136205
5288,12.764895
5289,7.2711525
5290,27.9699
5291,38.468754
5292,121.14556
5293,195.19673
5294,369.81552
5295,394.0126
5296,418.2542
5297,354.06882
5298,229.16882
5299,214.18604
5300,199.96196
5301,176.88147
5302,144.16437
5303,151.42798
5304,131.91833
5305,121.10611
5306,101.31198
5307,47.546795
5308,25.645964
5309,15.374625
5310,-2.073588
5311,-12.585678
5312,-32.685192
5313,27.262896
5314,144.55318
5315,367.90585
5316,573.02765
5317,272.3261
5318,172.05103
5319,207.07596
5320,265.9516
5321,274.79474
5322,275.07523
5323,278.40762
5324,420.56256
5325,831.436
5326,827.49896
5327,495.82098
5328,375.2667
5329,261.1451
5330,193.62402
5331,135.95709
5332,7.8138475
5333,32.063618
5334,-20.4535
5335,-6.7717495
5336,-17.543037
5337,31.299076
5338,183.94977
5339,382.4988
5340,534.18085
5341,358.1033
5342,215.0238
5343,249.8025
5344,316.87567
5345,313.1996
5346,326.641
5347,319.57913
5348,488.22
5349,813.15106
5350,779.2069
5351,622.9977
5352,482.9196
5353,367.77646
5354,342.72366
5355,254.14868
5356,73.96588
5357,29.976824
5358,-37.872498
5359,-34.345955
5360,-12.069209
5361,25.492334
5362,132.44408
5363,434.1714
5364,689.40717
5365,396.7435
5366,223.08873
5367,305.30566
5368,252.46837
5369,279.241
5370,241.02289
5371,317.35583
5372,409.78162
5373,836.46936
5374,842.13477
5375,627.09375
5376,459.50476
5377,375.7791
5378,360.15863
5379,262.7884
5380,63.904152
5381,29.75991
5382,-23.735666
5383,-28.552876
5384,-27.014635
5385,20.375912
5386,159.638
5387,444.7698
5388,654.05945
5389,359.87823
5390,284.02954
5391,224.9519
5392,292.89188
5393,270.88843
5394,243.72594
5395,299.46478
5396,455.21063
5397,842.37946
5398,834.9433
5399,578.6563
5400,455.25122
5401,254.8194
5402,182.68338
5403,119.8918
5404,43.106777
5405,10.728429
5406,-2.3699849
5407,-0.25858304
5408,-13.617989
5409,28.951849
5410,162.43343
5411,352.71564
5412,681.49603
5413,250.03003
5414,219.79117
5415,272.25177
5416,359.525
5417,288.40662
5418,307.126
5419,273.82605
5420,394.8306
5421,755.4205
5422,832.8321
5423,655.0908
5424,537.39923
5425,345.81616
5426,270.99084
5427,129.88774
5428,56.183277
5429,15.1718645
5430,12.97862
5431,-26.78423
5432,-30.416702
5433,17.626015
5434,156.52885
5435,536.95593
5436,731.1554
5437,378.40094
5438,284.45834
5439,276.47528
5440,306.4055
5441,335.64374
5442,314.65512
5443,346.13583
5444,486.74838
5445,857.4377
5446,755.02344
5447,636.54443
5448,409.95438
5449,312.74704
5450,158.04002
5451,121.54172
5452,76.43313
5453,32.237488
5454,18.94296
5455,-5.856205
5456,-1.8053936
5457,47.673187
5458,178.33398
5459,482.78754
5460,655.0012
5461,341.96533
5462,234.71227
5463,270.93805
5464,332.04807
5465,356.56204
5466,343.342
5467,356.06723
5468,514.84875
5469,835.45386
5470,791.41595
5471,607.2608
5472,408.53876
5473,233.06151
5474,198.55916
5475,96.35369
5476,75.77316
5477,114.654335
5478,46.9179
5479,20.105799
5480,12.504771
5481,6.3515835
5482,43.07477
5483,72.15992
5484,125.82405
5485,279.87842
5486,380.1339
5487,415.80554
5488,625.53217
5489,619.91986
5490,539.6065
5491,583.0036
5492,613.0207
5493,659.10223
5494,590.1944
5495,378.40396
5496,419.74496
5497,350.7713
5498,234.58104
5499,228.05434
5500,310.21906
5501,174.4392
5502,162.02647
5503,130.894
5504,71.30594
5505,68.95209
5506,111.68736
5507,149.0416
5508,274.73358
5509,303.31293
5510,400.4973
5511,486.1836
5512,537.7596
5513,660.5712
5514,603.496
5515,629.2752
5516,676.59766
5517,589.7658
5518,540.9072
5519,481.8348
5520,397.34604
5521,181.43292
5522,262.61203
5523,112.80299
5524,86.87566
5525,65.67805
5526,35.22955
5527,60.642834
5528,44.452763
5529,92.83402
5530,247.01462
5531,547.36633
5532,769.0925
5533,409.70032
5534,261.8129
5535,317.02557
5536,410.2021
5537,378.1921
5538,264.31482
5539,260.08722
5540,547.06
5541,803.69135
5542,782.10706
5543,539.1866
5544,358.97867
5545,307.80893
5546,268.2624
5547,173.63692
5548,89.241776
5549,30.304976
5550,24.67512
5551,45.729908
5552,30.903185
5553,70.50377
5554,175.53027
5555,505.57428
5556,737.37195
5557,379.38373
5558,291.38824
5559,287.73798
5560,421.81674
5561,397.7125
5562,370.49014
5563,386.41525
5564,546.45825
5565,881.2213
5566,887.4743
5567,617.11536
5568,487.42426
5569,343.83362
5570,289.84995
5571,263.79422
5572,180.77643
5573,163.41626
5574,64.51142
5575,65.825066
5576,56.36623
5577,90.78365
5578,189.9308
5579,449.145
5580,689.21216
5581,413.7357
5582,195.28763
5583,346.71826
5584,426.56165
5585,384.38217
5586,371.89124
5587,368.17307
5588,528.40283
5589,877.3645
5590,885.4475
5591,705.36633
5592,497.7993
5593,380.99164
5594,205.65294
5595,183.07112
5596,73.50148
5597,41.476048
5598,25.238705
5599,25.663404
5600,42.230064
5601,75.584625
5602,190.07889
5603,489.3929
5604,776.8758
5605,429.53253
5606,344.68655
5607,316.48145
5608,332.09955
5609,341.45987
5610,317.49414
5611,360.0165
5612,452.63873
5613,806.0931
5614,799.3346
5615,616.73
5616,468.41293
5617,223.0896
5618,179.80101
5619,203.64299
5620,41.426758
5621,5.1278205
5622,5.207808
5623,89.61644
5624,17.703331
5625,77.45021
5626,153.0185
5627,384.41733
5628,685.17615
5629,390.31406
5630,232.2428
5631,299.3494
5632,421.0482
5633,399.4756
5634,362.70474
5635,392.42508
5636,532.6783
5637,884.4436
5638,847.6076
5639,606.75433
5640,474.99118
5641,378.83334
5642,233.43785
5643,193.78864
5644,168.88794
5645,154.86131
5646,113.55941
5647,58.903976
5648,63.070965
5649,46.301582
5650,82.90168
5651,130.05388
5652,194.0008
5653,271.43762
5654,374.24002
5655,484.85577
5656,697.6376
5657,713.2533
5658,597.04205
5659,626.3735
5660,685.34717
5661,693.34906
5662,484.1272
5663,413.76474
5664,314.35074
5665,242.5412
5666,173.41022
5667,173.69296
5668,116.03702
5669,100.046364
5670,66.73627
5671,35.560295
5672,35.05378
5673,38.090664
5674,70.86138
5675,132.7811
5676,137.49138
5677,276.79007
5678,412.4864
5679,553.6443
5680,697.6376
5681,710.3417
5682,652.5642
5683,657.74255
5684,667.74426
5685,659.2483
5686,513.0929
5687,101.67501
5688,85.48631
5689,149.38625
5690,132.98535
5691,102.88358
5692,109.80917
5693,55.96002
5694,61.02097
5695,23.106422
5696,22.69644
5697,22.323984
5698,63.10243
5699,138.54402
5700,165.26329
5701,265.43054
5702,375.339
5703,485.96387
5704,556.616
5705,604.94977
5706,496.7651
5707,502.86993
5708,580.9409
5709,577.7496
5710,591.514
5711,323.339
5712,369.8091
5713,216.67578
5714,189.37393
5715,183.1344
5716,165.41406
5717,113.64493
5718,71.640205
5719,33.863953
5720,9.133553
5721,22.790329
5722,76.5823
5723,116.78263
5724,161.27815
5725,332.90222
5726,383.28488
5727,499.33163
5728,599.97754
5729,608.6954
5730,572.6879
5731,596.82526
5732,585.8293
5733,599.68976
5734,568.9989
5735,414.91714
5736,275.8623
5737,208.12036
5738,195.52977
5739,194.69804
5740,90.84405
5741,20.888655
5742,5.5321507
5743,46.815304
5744,26.339668
5745,26.23589
5746,128.31778
5747,445.36023
5748,713.1308
5749,385.79916
5750,218.938
5751,327.30038
5752,358.42133
5753,380.95453
5754,350.9213
5755,334.04996
5756,513.20294
5757,756.98773
5758,701.6475
5759,481.36957
5760,323.8536
5761,216.20145
5762,178.15085
5763,132.77313
5764,54.525032
5765,23.604975
5766,4.18709
5767,-15.87921
5768,2.840115
5769,41.333744
5770,168.96292
5771,463.21967
5772,720.67975
5773,325.31168
5774,237.32762
5775,271.13837
5776,347.94717
5777,341.555
5778,339.38623
5779,385.00247
5780,494.93994
5781,816.84406
5782,777.485
5783,555.2404
5784,424.20532
5785,198.7945
5786,158.99132
5787,90.655136
5788,21.511528
5789,23.584118
5790,14.448771
5791,-0.56126744
5792,-1.6205894
5793,26.32698
5794,172.75275
5795,470.32672
5796,613.86395
5797,325.1793
5798,166.0783
5799,277.40106
5800,364.35468
5801,332.38507
5802,365.54037
5803,286.3401
5804,436.80292
5805,802.9403
5806,789.06244
5807,560.8607
5808,417.72412
5809,268.35782
5810,231.48318
5811,93.478775
5812,95.54714
5813,71.950035
5814,-8.010134
5815,9.500643
5816,15.186743
5817,49.489475
5818,148.2795
5819,420.34625
5820,656.85297
5821,332.1161
5822,136.66377
5823,124.509895
5824,200.99767
5825,195.50745
5826,166.41869
5827,319.67337
5828,408.07043
5829,723.7128
5830,358.46872
5831,266.15195
5832,229.65128
5833,167.94922
5834,85.93628
5835,61.139023
5836,-4.4350896
5837,34.072453
5838,15.91961
5839,37.436718
5840,36.00846
5841,30.367373
5842,135.93121
5843,415.36542
5844,569.7413
5845,329.40753
5846,194.5292
5847,225.7335
5848,235.90271
5849,199.67818
5850,246.4908
5851,314.59137
5852,338.02527
5853,686.251
5854,511.28128
5855,269.65402
5856,269.70355
5857,158.4242
5858,110.875656
5859,149.4091
5860,83.7809
5861,67.69226
5862,61.13773
5863,34.50485
5864,18.848291
5865,0.46363226
5866,22.560705
5867,119.060326
5868,189.83514
5869,268.31293
5870,343.4653
5871,428.8594
5872,641.1822
5873,665.92004
5874,581.00836
5875,464.51123
5876,441.24234
5877,478.63947
5878,448.23886
5879,320.3143
5880,210.8549
5881,133.8813
5882,72.371445
5883,51.568443
5884,26.533735
5885,51.962597
5886,28.962366
5887,51.911457
5888,35.01489
5889,20.221273
5890,25.400454
5891,105.66725
5892,241.77625
5893,262.09647
5894,388.01556
5895,451.6838
5896,447.3555
5897,474.92468
5898,458.28397
5899,410.495
5900,181.36174
5901,297.86298
5902,202.20807
5903,191.8608
5904,115.155205
5905,123.09257
5906,51.901627
5907,72.273125
5908,28.77888
5909,73.252815
5910,85.919914
5911,80.36423
5912,142.08968
5913,254.14409
5914,280.51398
5915,460.19406
5916,188.12003
5917,110.888405
5918,99.80012
5919,68.43917
5920,15.637346
5921,11.031107
5922,-7.4894204
5923,-7.2765355
5924,6.1892605
5925,19.021107
5926,100.51184
5927,354.95557
5928,646.12994
5929,272.22327
5930,157.21657
5931,178.86382
5932,268.75565
5933,297.16068
5934,250.20815
5935,286.7244
5936,370.58093
5937,614.69556
5938,592.6266
5939,400.9947
5940,286.1607
5941,194.65645
5942,147.8555
5943,116.333916
5944,32.308823
5945,16.110725
5946,-0.46915373
5947,-2.363232
5948,11.197985
5949,36.884266
5950,129.64053
5951,369.56296
5952,637.4831
5953,308.64157
5954,168.22145
5955,156.9386
5956,227.82272
5957,249.06483
5958,217.97963
5959,241.69395
5960,333.9424
5961,574.48987
5962,579.5542
5963,420.73743
5964,261.02277
5965,132.93222
5966,106.374344
5967,96.19135
5968,-17.200651
5969,8.442269
5970,43.23227
5971,39.059353
5972,39.65921
5973,63.853527
5974,117.196976
5975,361.91354
5976,632.4862
5977,281.21014
5978,157.50356
5979,208.10864
5980,271.31168
5981,306.15912
5982,270.92355
5983,308.20453
5984,364.63406
5985,615.0573
5986,593.267
5987,347.29892
5988,261.5645
5989,170.10223
5990,129.7704
5991,113.58955
5992,80.62351
5993,78.59184
5994,43.30343
5995,12.711451
5996,-5.879086
5997,30.204388
5998,98.900276
5999,66.296104
6000,157.01196
6001,245.73488
6002,309.4531
6003,456.66318
6004,511.41092
6005,483.89862
6006,439.85052
6007,445.7718
6008,488.73495
6009,507.14627
6010,434.59528
6011,207.23425
6012,192.34697
6013,166.09045
6014,126.572876
6015,103.70464
6016,10.97834
6017,16.191933
6018,-24.284586
6019,5.609092
6020,-0.9174842
6021,28.136303
6022,135.6542
6023,391.59628
6024,627.164
6025,281.58237
6026,171.34337
6027,208.10864
6028,318.1048
6029,332.39975
6030,291.13107
6031,285.0298
6032,295.7552
6033,578.7807
6034,587.1748
6035,418.8802
6036,332.0901
6037,235.20638
6038,193.30771
6039,181.88753
6040,198.64459
6041,124.88054
6042,101.08272
6043,52.01376
6044,81.01106
6045,56.771717
6046,5.3780627
6047,104.675224
6048,200.06729
6049,283.34247
6050,277.02054
6051,335.57816
6052,365.54712
6053,492.37476
6054,377.66736
6055,358.24133
6056,346.30734
6057,235.06995
6058,266.61154
6059,184.16144
6060,151.43068
6061,111.336334
6062,49.82926
6063,49.75974
6064,78.20276
6065,46.257607
6066,21.311323
6067,24.212326
6068,23.921698
6069,34.772617
6070,10.383293
6071,51.567146
6072,105.168846
6073,218.57811
6074,241.87427
6075,305.66653
6076,389.7134
6077,390.59592
6078,331.782
6079,373.6964
6080,402.3846
6081,233.30644
6082,191.81496
6083,225.5478
6084,183.22298
6085,159.66504
6086,135.20798
6087,72.62527
6088,53.163322
6089,64.77132
6090,48.963
6091,49.04963
6092,30.0666
6093,27.150541
6094,148.41797
6095,364.49454
6096,619.06256
6097,308.9202
6098,165.65457
6099,267.86276
6100,317.4813
6101,299.51743
6102,266.7623
6103,304.54208
6104,361.68832
6105,621.17645
6106,503.04352
6107,328.0249
6108,238.88641
6109,159.89828
6110,140.30624
6111,100.68216
6112,39.091278
6113,36.669518
6114,14.679607
6115,16.781487
6116,-4.2009406
6117,22.290806
6118,91.57233
6119,154.97041
6120,361.04123
6121,296.2773
6122,47.431377
6123,26.151192
6124,99.30336
6125,51.42527
6126,106.75988
6127,209.6434
6128,296.92062
6129,404.93213
6130,321.96414
6131,375.95374
6132,240.8083
6133,143.84668
6134,130.34473
6135,60.945183
6136,21.113153
6137,4.4061213
6138,-15.9617195
6139,3.6287868
6140,7.642579
6141,27.48487
6142,118.63722
6143,355.3251
6144,613.8393
6145,297.38397
6146,186.7437
6147,155.23048
6148,193.85222
6149,192.22711
6150,213.59242
6151,268.84064
6152,314.8999
6153,545.46185
6154,505.55957
6155,358.33313
6156,265.18137
6157,188.35463
6158,79.76533
6159,86.69449
6160,73.22297
6161,33.29997
6162,16.075802
6163,-13.474726
6164,73.252846
6165,148.41797
6166,388.18875
6167,590.60236
6168,304.86868
6169,143.65305
6170,209.50507
6171,201.74352
6172,256.56976
6173,192.42783
6174,228.37018
6175,322.8474
6176,562.66675
6177,507.81284
6178,339.6077
6179,251.54826
6180,160.15097
6181,128.80313
6182,136.53609
6183,57.98803
6184,46.084145
6185,-22.446321
6186,-22.359701
6187,-5.347278
6188,59.26694
6189,170.86407
6190,391.94553
6191,563.5797
6192,301.38422
6193,165.00388
6194,152.31084
6195,240.37099
6196,210.15901
6197,161.78345
6198,226.59749
6199,363.48285
6200,544.1571
6201,488.78857
6202,294.45914
6203,192.24545
6204,126.9965
6205,94.46507
6206,92.65786
6207,42.53183
6208,-7.9981575
6209,-28.166014
6210,35.906853
6211,39.408535
6212,67.82517
6213,152.36906
6214,460.46432
6215,699.9362
6216,341.201
6217,152.585
6218,174.93866
6219,211.45924
6220,189.39427
6221,169.72563
6222,203.99713
6223,291.2944
6224,519.37555
6225,489.57416
6226,258.91187
6227,207.08284
6228,159.272
6229,143.77478
6230,71.5788
6231,19.362093
6232,54.42303
6233,-0.010040998
6234,-0.36535668
6235,5.2469707
6236,4.3285694
6237,99.35629
6238,295.385
6239,541.244
6240,235.56601
6241,106.83804
6242,106.17815
6243,193.58916
6244,143.23288
6245,123.907715
6246,178.85199
6247,283.96417
6248,362.168
6249,361.3807
6250,275.87732
6251,183.0538
6252,150.9394
6253,102.80445
6254,68.34713
6255,67.815346
6256,63.21052
6257,48.23461
6258,40.503178
6259,23.181826
6260,25.891386
6261,21.855536
6262,44.64405
6263,162.20984
6264,130.59015
6265,176.96565
6266,184.0717
6267,251.09096
6268,277.3691
6269,246.87643
6270,183.60953
6271,265.84967
6272,235.09479
6273,205.86664
6274,145.33035
6275,127.30564
6276,102.11349
6277,69.59689
6278,62.076767
6279,58.730618
6280,38.835594
6281,66.300835
6282,64.7482
6283,47.527477
6284,78.542915
6285,69.54117
6286,75.74228
6287,110.19131
6288,151.28151
6289,188.28366
6290,227.08939
6291,306.6338
6292,281.2061
6293,279.7478
6294,310.2771
6295,296.47733
6296,235.3767
6297,214.68263
6298,154.9628
6299,112.03372
6300,76.0015
6301,112.73688
6302,103.10174
6303,51.43646
6304,51.803852
6305,28.02334
6306,29.26065
6307,43.39966
6308,132.55745
6309,334.42606
6310,542.3822
6311,262.6437
6312,112.03355
6313,116.51276
6314,142.77794
6315,109.363335
6316,170.34282
6317,124.04779
6318,189.57777
6319,307.072
6320,284.8527
6321,274.03058
6322,156.75865
6323,112.313225
6324,70.51566
6325,56.804985
6326,65.70551
6327,64.10673
6328,54.722805
6329,32.714123
6330,48.789406
6331,47.79516
6332,67.825584
6333,191.29813
6334,145.20143
6335,182.08394
6336,174.92189
6337,260.21234
6338,279.39706
6339,287.70633
6340,244.00545
6341,241.88133
6342,240.46613
6343,287.94833
6344,198.26651
6345,140.50294
6346,105.025894
6347,104.4412
6348,42.11513
6349,32.263153
6350,50.360207
6351,37.807667
6352,65.524315
6353,80.983185
6354,86.72444
6355,118.7893
6356,185.8397
6357,375.4143
6358,169.64027
6359,21.410639
6360,111.10654
6361,96.59847
6362,100.73579
6363,144.9356
6364,135.23518
6365,200.7652
6366,296.18417
6367,282.92984
6368,215.03297
6369,114.91117
6370,114.14028
6371,88.832954
6372,-1.184506
6373,21.668318
6374,82.12178
6375,74.246346
6376,26.34078
6377,61.08555
6378,61.7218
6379,136.86456
6380,274.64575
6381,552.83185
6382,319.3895
6383,149.53749
6384,146.39279
6385,166.60284
6386,155.98816
6387,152.30748
6388,163.10654
6389,246.31195
6390,366.38126
6391,328.7647
6392,278.94916
6393,210.01524
6394,142.0565
6395,90.154396
6396,75.95431
6397,34.024162
6398,14.509815
6399,-5.738129
6400,23.865402
6401,7.3332887
6402,28.308472
6403,95.33263
6404,259.81808
6405,569.8626
6406,276.74503
6407,111.1544
6408,108.93467
6409,173.71063
6410,164.01062
6411,136.89134
6412,157.64423
6413,278.3711
6414,367.89154
6415,343.41437
6416,280.02066
6417,136.69395
6418,132.82524
6419,88.57345
6420,36.80826
6421,76.2749
6422,72.757256
6423,59.366062
6424,19.521791
6425,15.873288
6426,27.642256
6427,47.29886
6428,71.871605
6429,175.07597
6430,166.76869
6431,140.93335
6432,217.79994
6433,240.5167
6434,240.1593
6435,277.05807
6436,279.1732
6437,266.74887
6438,219.88715
6439,182.27121
6440,163.39856
6441,98.60725
6442,75.727936
6443,99.903946
6444,110.6782
6445,67.840164
6446,100.899315
6447,79.01508
6448,60.248154
6449,14.630869
6450,44.14632
6451,45.547657
6452,55.009342
6453,130.71523
6454,133.62035
6455,200.2819
6456,189.36526
6457,231.73537
6458,261.94333
6459,244.58434
6460,215.93242
6461,229.3201
6462,210.20526
6463,258.57657
6464,236.18622
6465,149.17545
6466,116.58087
6467,96.633316
6468,87.12082
6469,29.723894
6470,19.338108
6471,26.35964
6472,47.85865
6473,51.579266
6474,56.49649
6475,88.2264
6476,283.64124
6477,493.5823
6478,270.16327
6479,135.87
6480,136.54309
6481,173.00409
6482,167.31813
6483,109.99186
6484,163.79826
6485,273.21832
6486,392.14777
6487,376.24228
6488,274.46027
6489,172.44762
6490,146.66542
6491,109.60667
6492,51.44957
